reviewerID,reviewerName,segment,category,title,brand,price,rate_or_fee,value_proposition,match_score,gdv_script
CUST_0093,Vũ Quang Tuấn,MASS,Doanh nghiệp,Gói tài khoản chi lương doanh nghiệp,VPBank Financial,0 VND,Theo gói dịch vụ,"Chi lương tự động, nhân viên được miễn phí dịch vụ và ưu đãi vay",98%,"Gói Gói tài khoản chi lương doanh nghiệp: Chi lương tự động, nhân viên được miễn phí dịch vụ và ưu đãi vay"
CUST_0093,Vũ Quang Tuấn,MASS,Thẻ,Thẻ ghi nợ quốc tế,VPBank Financial,0 VND,Phí phát hành + thường niên,"Thanh toán online và mua sắm nước ngoài an toàn, không cần mang tiền mặt",96%,Khách có dòng tiền ổn định. Gợi ý mở Thẻ ghi nợ quốc tế hoàn tiền chi tiêu lên đến 45 ngày miễn lãi.
CUST_0093,Vũ Quang Tuấn,MASS,Phân khúc,Nâng hạng VPBank Diamond / Prime,VPBank Financial,0 VND,Theo điều kiện duy trì,"Quầy riêng không phải xếp hàng, RM chăm sóc riêng, lãi suất và tỷ giá ưu đãi",89%,"Gói Nâng hạng VPBank Diamond / Prime: Quầy riêng không phải xếp hàng, RM chăm sóc riêng, lãi suất và tỷ giá ưu đãi"
CUST_0093,Vũ Quang Tuấn,MASS,Vay,Vay tiêu dùng tín chấp,VPBank Financial,"10,000,000 VND",Theo hồ sơ và điểm tín dụng,Giải quyết nhu cầu tiền mặt gấp mà không cần tài sản đảm bảo,89%,Tư vấn gói Vay tiêu dùng tín chấp với lãi suất ưu đãi cố định năm đầu.
CUST_0093,Vũ Quang Tuấn,MASS,Đầu tư,Chứng chỉ quỹ mở,VPBank Financial,"1,000,000 VND",Phí quản lý quỹ,"Đầu tư đa dạng với số vốn nhỏ, do chuyên gia quản lý",83%,"Gói Chứng chỉ quỹ mở: Đầu tư đa dạng với số vốn nhỏ, do chuyên gia quản lý"
CUST_0068,Đỗ Tuấn Long,MASS,Doanh nghiệp,Gói tài khoản chi lương doanh nghiệp,VPBank Financial,0 VND,Theo gói dịch vụ,"Chi lương tự động, nhân viên được miễn phí dịch vụ và ưu đãi vay",99%,"Gói Gói tài khoản chi lương doanh nghiệp: Chi lương tự động, nhân viên được miễn phí dịch vụ và ưu đãi vay"
CUST_0068,Đỗ Tuấn Long,MASS,Thẻ,Thẻ ghi nợ quốc tế,VPBank Financial,0 VND,Phí phát hành + thường niên,"Thanh toán online và mua sắm nước ngoài an toàn, không cần mang tiền mặt",94%,Khách có dòng tiền ổn định. Gợi ý mở Thẻ ghi nợ quốc tế hoàn tiền chi tiêu lên đến 45 ngày miễn lãi.
CUST_0068,Đỗ Tuấn Long,MASS,Vay,Vay tiêu dùng tín chấp,VPBank Financial,"10,000,000 VND",Theo hồ sơ và điểm tín dụng,Giải quyết nhu cầu tiền mặt gấp mà không cần tài sản đảm bảo,93%,Tư vấn gói Vay tiêu dùng tín chấp với lãi suất ưu đãi cố định năm đầu.
CUST_0068,Đỗ Tuấn Long,MASS,Phân khúc,Nâng hạng VPBank Diamond / Prime,VPBank Financial,0 VND,Theo điều kiện duy trì,"Quầy riêng không phải xếp hàng, RM chăm sóc riêng, lãi suất và tỷ giá ưu đãi",88%,"Gói Nâng hạng VPBank Diamond / Prime: Quầy riêng không phải xếp hàng, RM chăm sóc riêng, lãi suất và tỷ giá ưu đãi"
CUST_0068,Đỗ Tuấn Long,MASS,Đầu tư,Chứng chỉ quỹ mở,VPBank Financial,"1,000,000 VND",Phí quản lý quỹ,"Đầu tư đa dạng với số vốn nhỏ, do chuyên gia quản lý",87%,"Gói Chứng chỉ quỹ mở: Đầu tư đa dạng với số vốn nhỏ, do chuyên gia quản lý"
CUST_0025,Huỳnh Thị Thảo,PRIME,Doanh nghiệp,Gói tài khoản chi lương doanh nghiệp,VPBank Financial,0 VND,Theo gói dịch vụ,"Chi lương tự động, nhân viên được miễn phí dịch vụ và ưu đãi vay",96%,"Gói Gói tài khoản chi lương doanh nghiệp: Chi lương tự động, nhân viên được miễn phí dịch vụ và ưu đãi vay"
CUST_0025,Huỳnh Thị Thảo,PRIME,Thẻ,Thẻ ghi nợ quốc tế,VPBank Financial,0 VND,Phí phát hành + thường niên,"Thanh toán online và mua sắm nước ngoài an toàn, không cần mang tiền mặt",92%,Khách có dòng tiền ổn định. Gợi ý mở Thẻ ghi nợ quốc tế hoàn tiền chi tiêu lên đến 45 ngày miễn lãi.
CUST_0025,Huỳnh Thị Thảo,PRIME,Vay,Vay tiêu dùng tín chấp,VPBank Financial,"10,000,000 VND",Theo hồ sơ và điểm tín dụng,Giải quyết nhu cầu tiền mặt gấp mà không cần tài sản đảm bảo,89%,Tư vấn gói Vay tiêu dùng tín chấp với lãi suất ưu đãi cố định năm đầu.
CUST_0025,Huỳnh Thị Thảo,PRIME,Phân khúc,Nâng hạng VPBank Diamond / Prime,VPBank Financial,0 VND,Theo điều kiện duy trì,"Quầy riêng không phải xếp hàng, RM chăm sóc riêng, lãi suất và tỷ giá ưu đãi",87%,"Gói Nâng hạng VPBank Diamond / Prime: Quầy riêng không phải xếp hàng, RM chăm sóc riêng, lãi suất và tỷ giá ưu đãi"
CUST_0025,Huỳnh Thị Thảo,PRIME,Đầu tư,Chứng chỉ quỹ mở,VPBank Financial,"1,000,000 VND",Phí quản lý quỹ,"Đầu tư đa dạng với số vốn nhỏ, do chuyên gia quản lý",85%,"Gói Chứng chỉ quỹ mở: Đầu tư đa dạng với số vốn nhỏ, do chuyên gia quản lý"
CUST_0022,Võ Đức Dũng,MASS,Doanh nghiệp,Gói tài khoản chi lương doanh nghiệp,VPBank Financial,0 VND,Theo gói dịch vụ,"Chi lương tự động, nhân viên được miễn phí dịch vụ và ưu đãi vay",95%,"Gói Gói tài khoản chi lương doanh nghiệp: Chi lương tự động, nhân viên được miễn phí dịch vụ và ưu đãi vay"
CUST_0022,Võ Đức Dũng,MASS,Thẻ,Thẻ ghi nợ quốc tế,VPBank Financial,0 VND,Phí phát hành + thường niên,"Thanh toán online và mua sắm nước ngoài an toàn, không cần mang tiền mặt",93%,Khách có dòng tiền ổn định. Gợi ý mở Thẻ ghi nợ quốc tế hoàn tiền chi tiêu lên đến 45 ngày miễn lãi.
CUST_0022,Võ Đức Dũng,MASS,Vay,Vay tiêu dùng tín chấp,VPBank Financial,"10,000,000 VND",Theo hồ sơ và điểm tín dụng,Giải quyết nhu cầu tiền mặt gấp mà không cần tài sản đảm bảo,89%,Tư vấn gói Vay tiêu dùng tín chấp với lãi suất ưu đãi cố định năm đầu.
CUST_0022,Võ Đức Dũng,MASS,Phân khúc,Nâng hạng VPBank Diamond / Prime,VPBank Financial,0 VND,Theo điều kiện duy trì,"Quầy riêng không phải xếp hàng, RM chăm sóc riêng, lãi suất và tỷ giá ưu đãi",89%,"Gói Nâng hạng VPBank Diamond / Prime: Quầy riêng không phải xếp hàng, RM chăm sóc riêng, lãi suất và tỷ giá ưu đãi"
CUST_0022,Võ Đức Dũng,MASS,Đầu tư,Chứng chỉ quỹ mở,VPBank Financial,"1,000,000 VND",Phí quản lý quỹ,"Đầu tư đa dạng với số vốn nhỏ, do chuyên gia quản lý",85%,"Gói Chứng chỉ quỹ mở: Đầu tư đa dạng với số vốn nhỏ, do chuyên gia quản lý"
CUST_0036,Lê Thanh Em,MASS,Doanh nghiệp,Gói tài khoản chi lương doanh nghiệp,VPBank Financial,0 VND,Theo gói dịch vụ,"Chi lương tự động, nhân viên được miễn phí dịch vụ và ưu đãi vay",98%,"Gói Gói tài khoản chi lương doanh nghiệp: Chi lương tự động, nhân viên được miễn phí dịch vụ và ưu đãi vay"
CUST_0036,Lê Thanh Em,MASS,Thẻ,Thẻ ghi nợ quốc tế,VPBank Financial,0 VND,Phí phát hành + thường niên,"Thanh toán online và mua sắm nước ngoài an toàn, không cần mang tiền mặt",94%,Khách có dòng tiền ổn định. Gợi ý mở Thẻ ghi nợ quốc tế hoàn tiền chi tiêu lên đến 45 ngày miễn lãi.
CUST_0036,Lê Thanh Em,MASS,Phân khúc,Nâng hạng VPBank Diamond / Prime,VPBank Financial,0 VND,Theo điều kiện duy trì,"Quầy riêng không phải xếp hàng, RM chăm sóc riêng, lãi suất và tỷ giá ưu đãi",90%,"Gói Nâng hạng VPBank Diamond / Prime: Quầy riêng không phải xếp hàng, RM chăm sóc riêng, lãi suất và tỷ giá ưu đãi"
CUST_0036,Lê Thanh Em,MASS,Vay,Vay tiêu dùng tín chấp,VPBank Financial,"10,000,000 VND",Theo hồ sơ và điểm tín dụng,Giải quyết nhu cầu tiền mặt gấp mà không cần tài sản đảm bảo,88%,Tư vấn gói Vay tiêu dùng tín chấp với lãi suất ưu đãi cố định năm đầu.
CUST_0036,Lê Thanh Em,MASS,Đầu tư,Chứng chỉ quỹ mở,VPBank Financial,"1,000,000 VND",Phí quản lý quỹ,"Đầu tư đa dạng với số vốn nhỏ, do chuyên gia quản lý",85%,"Gói Chứng chỉ quỹ mở: Đầu tư đa dạng với số vốn nhỏ, do chuyên gia quản lý"
CUST_0008,Hoàng Văn Sơn,PRIME,Doanh nghiệp,Gói tài khoản chi lương doanh nghiệp,VPBank Financial,0 VND,Theo gói dịch vụ,"Chi lương tự động, nhân viên được miễn phí dịch vụ và ưu đãi vay",96%,"Gói Gói tài khoản chi lương doanh nghiệp: Chi lương tự động, nhân viên được miễn phí dịch vụ và ưu đãi vay"
CUST_0008,Hoàng Văn Sơn,PRIME,Thẻ,Thẻ ghi nợ quốc tế,VPBank Financial,0 VND,Phí phát hành + thường niên,"Thanh toán online và mua sắm nước ngoài an toàn, không cần mang tiền mặt",94%,Khách có dòng tiền ổn định. Gợi ý mở Thẻ ghi nợ quốc tế hoàn tiền chi tiêu lên đến 45 ngày miễn lãi.
CUST_0008,Hoàng Văn Sơn,PRIME,Phân khúc,Nâng hạng VPBank Diamond / Prime,VPBank Financial,0 VND,Theo điều kiện duy trì,"Quầy riêng không phải xếp hàng, RM chăm sóc riêng, lãi suất và tỷ giá ưu đãi",89%,"Gói Nâng hạng VPBank Diamond / Prime: Quầy riêng không phải xếp hàng, RM chăm sóc riêng, lãi suất và tỷ giá ưu đãi"
CUST_0008,Hoàng Văn Sơn,PRIME,Vay,Vay tiêu dùng tín chấp,VPBank Financial,"10,000,000 VND",Theo hồ sơ và điểm tín dụng,Giải quyết nhu cầu tiền mặt gấp mà không cần tài sản đảm bảo,90%,Tư vấn gói Vay tiêu dùng tín chấp với lãi suất ưu đãi cố định năm đầu.
CUST_0008,Hoàng Văn Sơn,PRIME,Đầu tư,Chứng chỉ quỹ mở,VPBank Financial,"1,000,000 VND",Phí quản lý quỹ,"Đầu tư đa dạng với số vốn nhỏ, do chuyên gia quản lý",84%,"Gói Chứng chỉ quỹ mở: Đầu tư đa dạng với số vốn nhỏ, do chuyên gia quản lý"
CUST_0001,Phan Đức Phong,MASS,Doanh nghiệp,Gói tài khoản chi lương doanh nghiệp,VPBank Financial,0 VND,Theo gói dịch vụ,"Chi lương tự động, nhân viên được miễn phí dịch vụ và ưu đãi vay",99%,"Gói Gói tài khoản chi lương doanh nghiệp: Chi lương tự động, nhân viên được miễn phí dịch vụ và ưu đãi vay"
CUST_0001,Phan Đức Phong,MASS,Thẻ,Thẻ ghi nợ quốc tế,VPBank Financial,0 VND,Phí phát hành + thường niên,"Thanh toán online và mua sắm nước ngoài an toàn, không cần mang tiền mặt",93%,Khách có dòng tiền ổn định. Gợi ý mở Thẻ ghi nợ quốc tế hoàn tiền chi tiêu lên đến 45 ngày miễn lãi.
CUST_0001,Phan Đức Phong,MASS,Phân khúc,Nâng hạng VPBank Diamond / Prime,VPBank Financial,0 VND,Theo điều kiện duy trì,"Quầy riêng không phải xếp hàng, RM chăm sóc riêng, lãi suất và tỷ giá ưu đãi",90%,"Gói Nâng hạng VPBank Diamond / Prime: Quầy riêng không phải xếp hàng, RM chăm sóc riêng, lãi suất và tỷ giá ưu đãi"
CUST_0001,Phan Đức Phong,MASS,Vay,Vay tiêu dùng tín chấp,VPBank Financial,"10,000,000 VND",Theo hồ sơ và điểm tín dụng,Giải quyết nhu cầu tiền mặt gấp mà không cần tài sản đảm bảo,89%,Tư vấn gói Vay tiêu dùng tín chấp với lãi suất ưu đãi cố định năm đầu.
CUST_0001,Phan Đức Phong,MASS,Đầu tư,Chứng chỉ quỹ mở,VPBank Financial,"1,000,000 VND",Phí quản lý quỹ,"Đầu tư đa dạng với số vốn nhỏ, do chuyên gia quản lý",86%,"Gói Chứng chỉ quỹ mở: Đầu tư đa dạng với số vốn nhỏ, do chuyên gia quản lý"
CUST_0078,Huỳnh Kim Cường,MASS,Doanh nghiệp,Gói tài khoản chi lương doanh nghiệp,VPBank Financial,0 VND,Theo gói dịch vụ,"Chi lương tự động, nhân viên được miễn phí dịch vụ và ưu đãi vay",97%,"Gói Gói tài khoản chi lương doanh nghiệp: Chi lương tự động, nhân viên được miễn phí dịch vụ và ưu đãi vay"
CUST_0078,Huỳnh Kim Cường,MASS,Thẻ,Thẻ ghi nợ quốc tế,VPBank Financial,0 VND,Phí phát hành + thường niên,"Thanh toán online và mua sắm nước ngoài an toàn, không cần mang tiền mặt",96%,Khách có dòng tiền ổn định. Gợi ý mở Thẻ ghi nợ quốc tế hoàn tiền chi tiêu lên đến 45 ngày miễn lãi.
CUST_0078,Huỳnh Kim Cường,MASS,Phân khúc,Nâng hạng VPBank Diamond / Prime,VPBank Financial,0 VND,Theo điều kiện duy trì,"Quầy riêng không phải xếp hàng, RM chăm sóc riêng, lãi suất và tỷ giá ưu đãi",90%,"Gói Nâng hạng VPBank Diamond / Prime: Quầy riêng không phải xếp hàng, RM chăm sóc riêng, lãi suất và tỷ giá ưu đãi"
CUST_0078,Huỳnh Kim Cường,MASS,Đầu tư,Chứng chỉ quỹ mở,VPBank Financial,"1,000,000 VND",Phí quản lý quỹ,"Đầu tư đa dạng với số vốn nhỏ, do chuyên gia quản lý",88%,"Gói Chứng chỉ quỹ mở: Đầu tư đa dạng với số vốn nhỏ, do chuyên gia quản lý"
CUST_0078,Huỳnh Kim Cường,MASS,Vay,Vay tiêu dùng tín chấp,VPBank Financial,"10,000,000 VND",Theo hồ sơ và điểm tín dụng,Giải quyết nhu cầu tiền mặt gấp mà không cần tài sản đảm bảo,83%,Tư vấn gói Vay tiêu dùng tín chấp với lãi suất ưu đãi cố định năm đầu.
CUST_0113,Bùi Thanh Bình,MASS,Doanh nghiệp,Gói tài khoản chi lương doanh nghiệp,VPBank Financial,0 VND,Theo gói dịch vụ,"Chi lương tự động, nhân viên được miễn phí dịch vụ và ưu đãi vay",96%,"Gói Gói tài khoản chi lương doanh nghiệp: Chi lương tự động, nhân viên được miễn phí dịch vụ và ưu đãi vay"
CUST_0113,Bùi Thanh Bình,MASS,Thẻ,Thẻ ghi nợ quốc tế,VPBank Financial,0 VND,Phí phát hành + thường niên,"Thanh toán online và mua sắm nước ngoài an toàn, không cần mang tiền mặt",92%,Khách có dòng tiền ổn định. Gợi ý mở Thẻ ghi nợ quốc tế hoàn tiền chi tiêu lên đến 45 ngày miễn lãi.
CUST_0113,Bùi Thanh Bình,MASS,Vay,Vay tiêu dùng tín chấp,VPBank Financial,"10,000,000 VND",Theo hồ sơ và điểm tín dụng,Giải quyết nhu cầu tiền mặt gấp mà không cần tài sản đảm bảo,91%,Tư vấn gói Vay tiêu dùng tín chấp với lãi suất ưu đãi cố định năm đầu.
CUST_0113,Bùi Thanh Bình,MASS,Phân khúc,Nâng hạng VPBank Diamond / Prime,VPBank Financial,0 VND,Theo điều kiện duy trì,"Quầy riêng không phải xếp hàng, RM chăm sóc riêng, lãi suất và tỷ giá ưu đãi",89%,"Gói Nâng hạng VPBank Diamond / Prime: Quầy riêng không phải xếp hàng, RM chăm sóc riêng, lãi suất và tỷ giá ưu đãi"
CUST_0113,Bùi Thanh Bình,MASS,Đầu tư,Chứng chỉ quỹ mở,VPBank Financial,"1,000,000 VND",Phí quản lý quỹ,"Đầu tư đa dạng với số vốn nhỏ, do chuyên gia quản lý",85%,"Gói Chứng chỉ quỹ mở: Đầu tư đa dạng với số vốn nhỏ, do chuyên gia quản lý"
CUST_0065,Nguyễn Thanh Trang,MASS,Doanh nghiệp,Gói tài khoản chi lương doanh nghiệp,VPBank Financial,0 VND,Theo gói dịch vụ,"Chi lương tự động, nhân viên được miễn phí dịch vụ và ưu đãi vay",95%,"Gói Gói tài khoản chi lương doanh nghiệp: Chi lương tự động, nhân viên được miễn phí dịch vụ và ưu đãi vay"
CUST_0065,Nguyễn Thanh Trang,MASS,Thẻ,Thẻ ghi nợ quốc tế,VPBank Financial,0 VND,Phí phát hành + thường niên,"Thanh toán online và mua sắm nước ngoài an toàn, không cần mang tiền mặt",93%,Khách có dòng tiền ổn định. Gợi ý mở Thẻ ghi nợ quốc tế hoàn tiền chi tiêu lên đến 45 ngày miễn lãi.
CUST_0065,Nguyễn Thanh Trang,MASS,Vay,Vay tiêu dùng tín chấp,VPBank Financial,"10,000,000 VND",Theo hồ sơ và điểm tín dụng,Giải quyết nhu cầu tiền mặt gấp mà không cần tài sản đảm bảo,93%,Tư vấn gói Vay tiêu dùng tín chấp với lãi suất ưu đãi cố định năm đầu.
CUST_0065,Nguyễn Thanh Trang,MASS,Phân khúc,Nâng hạng VPBank Diamond / Prime,VPBank Financial,0 VND,Theo điều kiện duy trì,"Quầy riêng không phải xếp hàng, RM chăm sóc riêng, lãi suất và tỷ giá ưu đãi",88%,"Gói Nâng hạng VPBank Diamond / Prime: Quầy riêng không phải xếp hàng, RM chăm sóc riêng, lãi suất và tỷ giá ưu đãi"
CUST_0065,Nguyễn Thanh Trang,MASS,Đầu tư,Chứng chỉ quỹ mở,VPBank Financial,"1,000,000 VND",Phí quản lý quỹ,"Đầu tư đa dạng với số vốn nhỏ, do chuyên gia quản lý",84%,"Gói Chứng chỉ quỹ mở: Đầu tư đa dạng với số vốn nhỏ, do chuyên gia quản lý"
CUST_0106,Phạm Văn Hùng,PRIME,Doanh nghiệp,Gói tài khoản chi lương doanh nghiệp,VPBank Financial,0 VND,Theo gói dịch vụ,"Chi lương tự động, nhân viên được miễn phí dịch vụ và ưu đãi vay",98%,"Gói Gói tài khoản chi lương doanh nghiệp: Chi lương tự động, nhân viên được miễn phí dịch vụ và ưu đãi vay"
CUST_0106,Phạm Văn Hùng,PRIME,Thẻ,Thẻ ghi nợ quốc tế,VPBank Financial,0 VND,Phí phát hành + thường niên,"Thanh toán online và mua sắm nước ngoài an toàn, không cần mang tiền mặt",95%,Khách có dòng tiền ổn định. Gợi ý mở Thẻ ghi nợ quốc tế hoàn tiền chi tiêu lên đến 45 ngày miễn lãi.
CUST_0106,Phạm Văn Hùng,PRIME,Phân khúc,Nâng hạng VPBank Diamond / Prime,VPBank Financial,0 VND,Theo điều kiện duy trì,"Quầy riêng không phải xếp hàng, RM chăm sóc riêng, lãi suất và tỷ giá ưu đãi",92%,"Gói Nâng hạng VPBank Diamond / Prime: Quầy riêng không phải xếp hàng, RM chăm sóc riêng, lãi suất và tỷ giá ưu đãi"
CUST_0106,Phạm Văn Hùng,PRIME,Vay,Vay tiêu dùng tín chấp,VPBank Financial,"10,000,000 VND",Theo hồ sơ và điểm tín dụng,Giải quyết nhu cầu tiền mặt gấp mà không cần tài sản đảm bảo,87%,Tư vấn gói Vay tiêu dùng tín chấp với lãi suất ưu đãi cố định năm đầu.
CUST_0106,Phạm Văn Hùng,PRIME,Đầu tư,Chứng chỉ quỹ mở,VPBank Financial,"1,000,000 VND",Phí quản lý quỹ,"Đầu tư đa dạng với số vốn nhỏ, do chuyên gia quản lý",85%,"Gói Chứng chỉ quỹ mở: Đầu tư đa dạng với số vốn nhỏ, do chuyên gia quản lý"
CUST_0084,Hoàng Đức Cường,MASS,Doanh nghiệp,Gói tài khoản chi lương doanh nghiệp,VPBank Financial,0 VND,Theo gói dịch vụ,"Chi lương tự động, nhân viên được miễn phí dịch vụ và ưu đãi vay",96%,"Gói Gói tài khoản chi lương doanh nghiệp: Chi lương tự động, nhân viên được miễn phí dịch vụ và ưu đãi vay"
CUST_0084,Hoàng Đức Cường,MASS,Thẻ,Thẻ ghi nợ quốc tế,VPBank Financial,0 VND,Phí phát hành + thường niên,"Thanh toán online và mua sắm nước ngoài an toàn, không cần mang tiền mặt",93%,Khách có dòng tiền ổn định. Gợi ý mở Thẻ ghi nợ quốc tế hoàn tiền chi tiêu lên đến 45 ngày miễn lãi.
CUST_0084,Hoàng Đức Cường,MASS,Vay,Vay tiêu dùng tín chấp,VPBank Financial,"10,000,000 VND",Theo hồ sơ và điểm tín dụng,Giải quyết nhu cầu tiền mặt gấp mà không cần tài sản đảm bảo,93%,Tư vấn gói Vay tiêu dùng tín chấp với lãi suất ưu đãi cố định năm đầu.
CUST_0084,Hoàng Đức Cường,MASS,Phân khúc,Nâng hạng VPBank Diamond / Prime,VPBank Financial,0 VND,Theo điều kiện duy trì,"Quầy riêng không phải xếp hàng, RM chăm sóc riêng, lãi suất và tỷ giá ưu đãi",90%,"Gói Nâng hạng VPBank Diamond / Prime: Quầy riêng không phải xếp hàng, RM chăm sóc riêng, lãi suất và tỷ giá ưu đãi"
CUST_0084,Hoàng Đức Cường,MASS,Đầu tư,Chứng chỉ quỹ mở,VPBank Financial,"1,000,000 VND",Phí quản lý quỹ,"Đầu tư đa dạng với số vốn nhỏ, do chuyên gia quản lý",85%,"Gói Chứng chỉ quỹ mở: Đầu tư đa dạng với số vốn nhỏ, do chuyên gia quản lý"
CUST_0031,Đặng Kim Nga,MASS,Doanh nghiệp,Gói tài khoản chi lương doanh nghiệp,VPBank Financial,0 VND,Theo gói dịch vụ,"Chi lương tự động, nhân viên được miễn phí dịch vụ và ưu đãi vay",99%,"Gói Gói tài khoản chi lương doanh nghiệp: Chi lương tự động, nhân viên được miễn phí dịch vụ và ưu đãi vay"
CUST_0031,Đặng Kim Nga,MASS,Thẻ,Thẻ ghi nợ quốc tế,VPBank Financial,0 VND,Phí phát hành + thường niên,"Thanh toán online và mua sắm nước ngoài an toàn, không cần mang tiền mặt",95%,Khách có dòng tiền ổn định. Gợi ý mở Thẻ ghi nợ quốc tế hoàn tiền chi tiêu lên đến 45 ngày miễn lãi.
CUST_0031,Đặng Kim Nga,MASS,Vay,Vay tiêu dùng tín chấp,VPBank Financial,"10,000,000 VND",Theo hồ sơ và điểm tín dụng,Giải quyết nhu cầu tiền mặt gấp mà không cần tài sản đảm bảo,93%,Tư vấn gói Vay tiêu dùng tín chấp với lãi suất ưu đãi cố định năm đầu.
CUST_0031,Đặng Kim Nga,MASS,Phân khúc,Nâng hạng VPBank Diamond / Prime,VPBank Financial,0 VND,Theo điều kiện duy trì,"Quầy riêng không phải xếp hàng, RM chăm sóc riêng, lãi suất và tỷ giá ưu đãi",89%,"Gói Nâng hạng VPBank Diamond / Prime: Quầy riêng không phải xếp hàng, RM chăm sóc riêng, lãi suất và tỷ giá ưu đãi"
CUST_0031,Đặng Kim Nga,MASS,Đầu tư,Chứng chỉ quỹ mở,VPBank Financial,"1,000,000 VND",Phí quản lý quỹ,"Đầu tư đa dạng với số vốn nhỏ, do chuyên gia quản lý",85%,"Gói Chứng chỉ quỹ mở: Đầu tư đa dạng với số vốn nhỏ, do chuyên gia quản lý"
CUST_0054,Vũ Hữu Cường,MASS,Doanh nghiệp,Gói tài khoản chi lương doanh nghiệp,VPBank Financial,0 VND,Theo gói dịch vụ,"Chi lương tự động, nhân viên được miễn phí dịch vụ và ưu đãi vay",96%,"Gói Gói tài khoản chi lương doanh nghiệp: Chi lương tự động, nhân viên được miễn phí dịch vụ và ưu đãi vay"
CUST_0054,Vũ Hữu Cường,MASS,Thẻ,Thẻ ghi nợ quốc tế,VPBank Financial,0 VND,Phí phát hành + thường niên,"Thanh toán online và mua sắm nước ngoài an toàn, không cần mang tiền mặt",93%,Khách có dòng tiền ổn định. Gợi ý mở Thẻ ghi nợ quốc tế hoàn tiền chi tiêu lên đến 45 ngày miễn lãi.
CUST_0054,Vũ Hữu Cường,MASS,Phân khúc,Nâng hạng VPBank Diamond / Prime,VPBank Financial,0 VND,Theo điều kiện duy trì,"Quầy riêng không phải xếp hàng, RM chăm sóc riêng, lãi suất và tỷ giá ưu đãi",93%,"Gói Nâng hạng VPBank Diamond / Prime: Quầy riêng không phải xếp hàng, RM chăm sóc riêng, lãi suất và tỷ giá ưu đãi"
CUST_0054,Vũ Hữu Cường,MASS,Vay,Vay tiêu dùng tín chấp,VPBank Financial,"10,000,000 VND",Theo hồ sơ và điểm tín dụng,Giải quyết nhu cầu tiền mặt gấp mà không cần tài sản đảm bảo,89%,Tư vấn gói Vay tiêu dùng tín chấp với lãi suất ưu đãi cố định năm đầu.
CUST_0054,Vũ Hữu Cường,MASS,Đầu tư,Chứng chỉ quỹ mở,VPBank Financial,"1,000,000 VND",Phí quản lý quỹ,"Đầu tư đa dạng với số vốn nhỏ, do chuyên gia quản lý",83%,"Gói Chứng chỉ quỹ mở: Đầu tư đa dạng với số vốn nhỏ, do chuyên gia quản lý"
CUST_0053,Phạm Ngọc Hùng,PRIME,Doanh nghiệp,Gói tài khoản chi lương doanh nghiệp,VPBank Financial,0 VND,Theo gói dịch vụ,"Chi lương tự động, nhân viên được miễn phí dịch vụ và ưu đãi vay",95%,"Gói Gói tài khoản chi lương doanh nghiệp: Chi lương tự động, nhân viên được miễn phí dịch vụ và ưu đãi vay"
CUST_0053,Phạm Ngọc Hùng,PRIME,Thẻ,Thẻ ghi nợ quốc tế,VPBank Financial,0 VND,Phí phát hành + thường niên,"Thanh toán online và mua sắm nước ngoài an toàn, không cần mang tiền mặt",92%,Khách có dòng tiền ổn định. Gợi ý mở Thẻ ghi nợ quốc tế hoàn tiền chi tiêu lên đến 45 ngày miễn lãi.
CUST_0053,Phạm Ngọc Hùng,PRIME,Phân khúc,Nâng hạng VPBank Diamond / Prime,VPBank Financial,0 VND,Theo điều kiện duy trì,"Quầy riêng không phải xếp hàng, RM chăm sóc riêng, lãi suất và tỷ giá ưu đãi",90%,"Gói Nâng hạng VPBank Diamond / Prime: Quầy riêng không phải xếp hàng, RM chăm sóc riêng, lãi suất và tỷ giá ưu đãi"
CUST_0053,Phạm Ngọc Hùng,PRIME,Vay,Vay tiêu dùng tín chấp,VPBank Financial,"10,000,000 VND",Theo hồ sơ và điểm tín dụng,Giải quyết nhu cầu tiền mặt gấp mà không cần tài sản đảm bảo,87%,Tư vấn gói Vay tiêu dùng tín chấp với lãi suất ưu đãi cố định năm đầu.
CUST_0053,Phạm Ngọc Hùng,PRIME,Đầu tư,Chứng chỉ quỹ mở,VPBank Financial,"1,000,000 VND",Phí quản lý quỹ,"Đầu tư đa dạng với số vốn nhỏ, do chuyên gia quản lý",86%,"Gói Chứng chỉ quỹ mở: Đầu tư đa dạng với số vốn nhỏ, do chuyên gia quản lý"
CUST_0111,Phan Ngọc Nga,PRIME,Doanh nghiệp,Gói tài khoản chi lương doanh nghiệp,VPBank Financial,0 VND,Theo gói dịch vụ,"Chi lương tự động, nhân viên được miễn phí dịch vụ và ưu đãi vay",99%,"Gói Gói tài khoản chi lương doanh nghiệp: Chi lương tự động, nhân viên được miễn phí dịch vụ và ưu đãi vay"
CUST_0111,Phan Ngọc Nga,PRIME,Thẻ,Thẻ ghi nợ quốc tế,VPBank Financial,0 VND,Phí phát hành + thường niên,"Thanh toán online và mua sắm nước ngoài an toàn, không cần mang tiền mặt",92%,Khách có dòng tiền ổn định. Gợi ý mở Thẻ ghi nợ quốc tế hoàn tiền chi tiêu lên đến 45 ngày miễn lãi.
CUST_0111,Phan Ngọc Nga,PRIME,Phân khúc,Nâng hạng VPBank Diamond / Prime,VPBank Financial,0 VND,Theo điều kiện duy trì,"Quầy riêng không phải xếp hàng, RM chăm sóc riêng, lãi suất và tỷ giá ưu đãi",92%,"Gói Nâng hạng VPBank Diamond / Prime: Quầy riêng không phải xếp hàng, RM chăm sóc riêng, lãi suất và tỷ giá ưu đãi"
CUST_0111,Phan Ngọc Nga,PRIME,Vay,Vay tiêu dùng tín chấp,VPBank Financial,"10,000,000 VND",Theo hồ sơ và điểm tín dụng,Giải quyết nhu cầu tiền mặt gấp mà không cần tài sản đảm bảo,89%,Tư vấn gói Vay tiêu dùng tín chấp với lãi suất ưu đãi cố định năm đầu.
CUST_0111,Phan Ngọc Nga,PRIME,Đầu tư,Chứng chỉ quỹ mở,VPBank Financial,"1,000,000 VND",Phí quản lý quỹ,"Đầu tư đa dạng với số vốn nhỏ, do chuyên gia quản lý",87%,"Gói Chứng chỉ quỹ mở: Đầu tư đa dạng với số vốn nhỏ, do chuyên gia quản lý"
CUST_0027,Phan Hoàng Bình,MASS,Doanh nghiệp,Gói tài khoản chi lương doanh nghiệp,VPBank Financial,0 VND,Theo gói dịch vụ,"Chi lương tự động, nhân viên được miễn phí dịch vụ và ưu đãi vay",98%,"Gói Gói tài khoản chi lương doanh nghiệp: Chi lương tự động, nhân viên được miễn phí dịch vụ và ưu đãi vay"
CUST_0027,Phan Hoàng Bình,MASS,Thẻ,Thẻ ghi nợ quốc tế,VPBank Financial,0 VND,Phí phát hành + thường niên,"Thanh toán online và mua sắm nước ngoài an toàn, không cần mang tiền mặt",96%,Khách có dòng tiền ổn định. Gợi ý mở Thẻ ghi nợ quốc tế hoàn tiền chi tiêu lên đến 45 ngày miễn lãi.
CUST_0027,Phan Hoàng Bình,MASS,Phân khúc,Nâng hạng VPBank Diamond / Prime,VPBank Financial,0 VND,Theo điều kiện duy trì,"Quầy riêng không phải xếp hàng, RM chăm sóc riêng, lãi suất và tỷ giá ưu đãi",91%,"Gói Nâng hạng VPBank Diamond / Prime: Quầy riêng không phải xếp hàng, RM chăm sóc riêng, lãi suất và tỷ giá ưu đãi"
CUST_0027,Phan Hoàng Bình,MASS,Vay,Vay tiêu dùng tín chấp,VPBank Financial,"10,000,000 VND",Theo hồ sơ và điểm tín dụng,Giải quyết nhu cầu tiền mặt gấp mà không cần tài sản đảm bảo,90%,Tư vấn gói Vay tiêu dùng tín chấp với lãi suất ưu đãi cố định năm đầu.
CUST_0027,Phan Hoàng Bình,MASS,Đầu tư,Chứng chỉ quỹ mở,VPBank Financial,"1,000,000 VND",Phí quản lý quỹ,"Đầu tư đa dạng với số vốn nhỏ, do chuyên gia quản lý",83%,"Gói Chứng chỉ quỹ mở: Đầu tư đa dạng với số vốn nhỏ, do chuyên gia quản lý"
CUST_0114,Phạm Hữu Nam,MASS,Doanh nghiệp,Gói tài khoản chi lương doanh nghiệp,VPBank Financial,0 VND,Theo gói dịch vụ,"Chi lương tự động, nhân viên được miễn phí dịch vụ và ưu đãi vay",95%,"Gói Gói tài khoản chi lương doanh nghiệp: Chi lương tự động, nhân viên được miễn phí dịch vụ và ưu đãi vay"
CUST_0114,Phạm Hữu Nam,MASS,Thẻ,Thẻ ghi nợ quốc tế,VPBank Financial,0 VND,Phí phát hành + thường niên,"Thanh toán online và mua sắm nước ngoài an toàn, không cần mang tiền mặt",96%,Khách có dòng tiền ổn định. Gợi ý mở Thẻ ghi nợ quốc tế hoàn tiền chi tiêu lên đến 45 ngày miễn lãi.
CUST_0114,Phạm Hữu Nam,MASS,Vay,Vay tiêu dùng tín chấp,VPBank Financial,"10,000,000 VND",Theo hồ sơ và điểm tín dụng,Giải quyết nhu cầu tiền mặt gấp mà không cần tài sản đảm bảo,91%,Tư vấn gói Vay tiêu dùng tín chấp với lãi suất ưu đãi cố định năm đầu.
CUST_0114,Phạm Hữu Nam,MASS,Phân khúc,Nâng hạng VPBank Diamond / Prime,VPBank Financial,0 VND,Theo điều kiện duy trì,"Quầy riêng không phải xếp hàng, RM chăm sóc riêng, lãi suất và tỷ giá ưu đãi",88%,"Gói Nâng hạng VPBank Diamond / Prime: Quầy riêng không phải xếp hàng, RM chăm sóc riêng, lãi suất và tỷ giá ưu đãi"
CUST_0114,Phạm Hữu Nam,MASS,Đầu tư,Chứng chỉ quỹ mở,VPBank Financial,"1,000,000 VND",Phí quản lý quỹ,"Đầu tư đa dạng với số vốn nhỏ, do chuyên gia quản lý",83%,"Gói Chứng chỉ quỹ mở: Đầu tư đa dạng với số vốn nhỏ, do chuyên gia quản lý"
CUST_0066,Nguyễn Hữu Hùng,MASS,Doanh nghiệp,Gói tài khoản chi lương doanh nghiệp,VPBank Financial,0 VND,Theo gói dịch vụ,"Chi lương tự động, nhân viên được miễn phí dịch vụ và ưu đãi vay",97%,"Gói Gói tài khoản chi lương doanh nghiệp: Chi lương tự động, nhân viên được miễn phí dịch vụ và ưu đãi vay"
CUST_0066,Nguyễn Hữu Hùng,MASS,Thẻ,Thẻ ghi nợ quốc tế,VPBank Financial,0 VND,Phí phát hành + thường niên,"Thanh toán online và mua sắm nước ngoài an toàn, không cần mang tiền mặt",95%,Khách có dòng tiền ổn định. Gợi ý mở Thẻ ghi nợ quốc tế hoàn tiền chi tiêu lên đến 45 ngày miễn lãi.
CUST_0066,Nguyễn Hữu Hùng,MASS,Phân khúc,Nâng hạng VPBank Diamond / Prime,VPBank Financial,0 VND,Theo điều kiện duy trì,"Quầy riêng không phải xếp hàng, RM chăm sóc riêng, lãi suất và tỷ giá ưu đãi",90%,"Gói Nâng hạng VPBank Diamond / Prime: Quầy riêng không phải xếp hàng, RM chăm sóc riêng, lãi suất và tỷ giá ưu đãi"
CUST_0066,Nguyễn Hữu Hùng,MASS,Đầu tư,Chứng chỉ quỹ mở,VPBank Financial,"1,000,000 VND",Phí quản lý quỹ,"Đầu tư đa dạng với số vốn nhỏ, do chuyên gia quản lý",89%,"Gói Chứng chỉ quỹ mở: Đầu tư đa dạng với số vốn nhỏ, do chuyên gia quản lý"
CUST_0066,Nguyễn Hữu Hùng,MASS,Vay,Vay tiêu dùng tín chấp,VPBank Financial,"10,000,000 VND",Theo hồ sơ và điểm tín dụng,Giải quyết nhu cầu tiền mặt gấp mà không cần tài sản đảm bảo,83%,Tư vấn gói Vay tiêu dùng tín chấp với lãi suất ưu đãi cố định năm đầu.
CUST_0110,Lê Đức Sơn,MASS,Doanh nghiệp,Gói tài khoản chi lương doanh nghiệp,VPBank Financial,0 VND,Theo gói dịch vụ,"Chi lương tự động, nhân viên được miễn phí dịch vụ và ưu đãi vay",97%,"Gói Gói tài khoản chi lương doanh nghiệp: Chi lương tự động, nhân viên được miễn phí dịch vụ và ưu đãi vay"
CUST_0110,Lê Đức Sơn,MASS,Thẻ,Thẻ ghi nợ quốc tế,VPBank Financial,0 VND,Phí phát hành + thường niên,"Thanh toán online và mua sắm nước ngoài an toàn, không cần mang tiền mặt",96%,Khách có dòng tiền ổn định. Gợi ý mở Thẻ ghi nợ quốc tế hoàn tiền chi tiêu lên đến 45 ngày miễn lãi.
CUST_0110,Lê Đức Sơn,MASS,Phân khúc,Nâng hạng VPBank Diamond / Prime,VPBank Financial,0 VND,Theo điều kiện duy trì,"Quầy riêng không phải xếp hàng, RM chăm sóc riêng, lãi suất và tỷ giá ưu đãi",90%,"Gói Nâng hạng VPBank Diamond / Prime: Quầy riêng không phải xếp hàng, RM chăm sóc riêng, lãi suất và tỷ giá ưu đãi"
CUST_0110,Lê Đức Sơn,MASS,Vay,Vay tiêu dùng tín chấp,VPBank Financial,"10,000,000 VND",Theo hồ sơ và điểm tín dụng,Giải quyết nhu cầu tiền mặt gấp mà không cần tài sản đảm bảo,90%,Tư vấn gói Vay tiêu dùng tín chấp với lãi suất ưu đãi cố định năm đầu.
CUST_0110,Lê Đức Sơn,MASS,Đầu tư,Chứng chỉ quỹ mở,VPBank Financial,"1,000,000 VND",Phí quản lý quỹ,"Đầu tư đa dạng với số vốn nhỏ, do chuyên gia quản lý",83%,"Gói Chứng chỉ quỹ mở: Đầu tư đa dạng với số vốn nhỏ, do chuyên gia quản lý"
CUST_0002,Đặng Kim Quân,DIAMOND,Doanh nghiệp,Gói tài khoản chi lương doanh nghiệp,VPBank Financial,0 VND,Theo gói dịch vụ,"Chi lương tự động, nhân viên được miễn phí dịch vụ và ưu đãi vay",97%,"Gói Gói tài khoản chi lương doanh nghiệp: Chi lương tự động, nhân viên được miễn phí dịch vụ và ưu đãi vay"
CUST_0002,Đặng Kim Quân,DIAMOND,Thẻ,Thẻ ghi nợ quốc tế,VPBank Financial,0 VND,Phí phát hành + thường niên,"Thanh toán online và mua sắm nước ngoài an toàn, không cần mang tiền mặt",96%,Khách có dòng tiền ổn định. Gợi ý mở Thẻ ghi nợ quốc tế hoàn tiền chi tiêu lên đến 45 ngày miễn lãi.
CUST_0002,Đặng Kim Quân,DIAMOND,Phân khúc,Nâng hạng VPBank Diamond / Prime,VPBank Financial,0 VND,Theo điều kiện duy trì,"Quầy riêng không phải xếp hàng, RM chăm sóc riêng, lãi suất và tỷ giá ưu đãi",93%,"Gói Nâng hạng VPBank Diamond / Prime: Quầy riêng không phải xếp hàng, RM chăm sóc riêng, lãi suất và tỷ giá ưu đãi"
CUST_0002,Đặng Kim Quân,DIAMOND,Vay,Vay tiêu dùng tín chấp,VPBank Financial,"10,000,000 VND",Theo hồ sơ và điểm tín dụng,Giải quyết nhu cầu tiền mặt gấp mà không cần tài sản đảm bảo,87%,Tư vấn gói Vay tiêu dùng tín chấp với lãi suất ưu đãi cố định năm đầu.
CUST_0002,Đặng Kim Quân,DIAMOND,Đầu tư,Chứng chỉ quỹ mở,VPBank Financial,"1,000,000 VND",Phí quản lý quỹ,"Đầu tư đa dạng với số vốn nhỏ, do chuyên gia quản lý",84%,"Gói Chứng chỉ quỹ mở: Đầu tư đa dạng với số vốn nhỏ, do chuyên gia quản lý"
CUST_0019,Bùi Anh Dũng,MASS,Doanh nghiệp,Gói tài khoản chi lương doanh nghiệp,VPBank Financial,0 VND,Theo gói dịch vụ,"Chi lương tự động, nhân viên được miễn phí dịch vụ và ưu đãi vay",97%,"Gói Gói tài khoản chi lương doanh nghiệp: Chi lương tự động, nhân viên được miễn phí dịch vụ và ưu đãi vay"
CUST_0019,Bùi Anh Dũng,MASS,Thẻ,Thẻ ghi nợ quốc tế,VPBank Financial,0 VND,Phí phát hành + thường niên,"Thanh toán online và mua sắm nước ngoài an toàn, không cần mang tiền mặt",93%,Khách có dòng tiền ổn định. Gợi ý mở Thẻ ghi nợ quốc tế hoàn tiền chi tiêu lên đến 45 ngày miễn lãi.
CUST_0019,Bùi Anh Dũng,MASS,Vay,Vay tiêu dùng tín chấp,VPBank Financial,"10,000,000 VND",Theo hồ sơ và điểm tín dụng,Giải quyết nhu cầu tiền mặt gấp mà không cần tài sản đảm bảo,93%,Tư vấn gói Vay tiêu dùng tín chấp với lãi suất ưu đãi cố định năm đầu.
CUST_0019,Bùi Anh Dũng,MASS,Phân khúc,Nâng hạng VPBank Diamond / Prime,VPBank Financial,0 VND,Theo điều kiện duy trì,"Quầy riêng không phải xếp hàng, RM chăm sóc riêng, lãi suất và tỷ giá ưu đãi",90%,"Gói Nâng hạng VPBank Diamond / Prime: Quầy riêng không phải xếp hàng, RM chăm sóc riêng, lãi suất và tỷ giá ưu đãi"
CUST_0019,Bùi Anh Dũng,MASS,Đầu tư,Chứng chỉ quỹ mở,VPBank Financial,"1,000,000 VND",Phí quản lý quỹ,"Đầu tư đa dạng với số vốn nhỏ, do chuyên gia quản lý",83%,"Gói Chứng chỉ quỹ mở: Đầu tư đa dạng với số vốn nhỏ, do chuyên gia quản lý"
CUST_0067,Trần Hữu Em,MASS,Doanh nghiệp,Gói tài khoản chi lương doanh nghiệp,VPBank Financial,0 VND,Theo gói dịch vụ,"Chi lương tự động, nhân viên được miễn phí dịch vụ và ưu đãi vay",99%,"Gói Gói tài khoản chi lương doanh nghiệp: Chi lương tự động, nhân viên được miễn phí dịch vụ và ưu đãi vay"
CUST_0067,Trần Hữu Em,MASS,Thẻ,Thẻ ghi nợ quốc tế,VPBank Financial,0 VND,Phí phát hành + thường niên,"Thanh toán online và mua sắm nước ngoài an toàn, không cần mang tiền mặt",94%,Khách có dòng tiền ổn định. Gợi ý mở Thẻ ghi nợ quốc tế hoàn tiền chi tiêu lên đến 45 ngày miễn lãi.
CUST_0067,Trần Hữu Em,MASS,Phân khúc,Nâng hạng VPBank Diamond / Prime,VPBank Financial,0 VND,Theo điều kiện duy trì,"Quầy riêng không phải xếp hàng, RM chăm sóc riêng, lãi suất và tỷ giá ưu đãi",92%,"Gói Nâng hạng VPBank Diamond / Prime: Quầy riêng không phải xếp hàng, RM chăm sóc riêng, lãi suất và tỷ giá ưu đãi"
CUST_0067,Trần Hữu Em,MASS,Vay,Vay tiêu dùng tín chấp,VPBank Financial,"10,000,000 VND",Theo hồ sơ và điểm tín dụng,Giải quyết nhu cầu tiền mặt gấp mà không cần tài sản đảm bảo,86%,Tư vấn gói Vay tiêu dùng tín chấp với lãi suất ưu đãi cố định năm đầu.
CUST_0067,Trần Hữu Em,MASS,Đầu tư,Chứng chỉ quỹ mở,VPBank Financial,"1,000,000 VND",Phí quản lý quỹ,"Đầu tư đa dạng với số vốn nhỏ, do chuyên gia quản lý",83%,"Gói Chứng chỉ quỹ mở: Đầu tư đa dạng với số vốn nhỏ, do chuyên gia quản lý"
CUST_0055,Bùi Thanh Quân,PRIME,Doanh nghiệp,Gói tài khoản chi lương doanh nghiệp,VPBank Financial,0 VND,Theo gói dịch vụ,"Chi lương tự động, nhân viên được miễn phí dịch vụ và ưu đãi vay",97%,"Gói Gói tài khoản chi lương doanh nghiệp: Chi lương tự động, nhân viên được miễn phí dịch vụ và ưu đãi vay"
CUST_0055,Bùi Thanh Quân,PRIME,Thẻ,Thẻ ghi nợ quốc tế,VPBank Financial,0 VND,Phí phát hành + thường niên,"Thanh toán online và mua sắm nước ngoài an toàn, không cần mang tiền mặt",94%,Khách có dòng tiền ổn định. Gợi ý mở Thẻ ghi nợ quốc tế hoàn tiền chi tiêu lên đến 45 ngày miễn lãi.
CUST_0055,Bùi Thanh Quân,PRIME,Vay,Vay tiêu dùng tín chấp,VPBank Financial,"10,000,000 VND",Theo hồ sơ và điểm tín dụng,Giải quyết nhu cầu tiền mặt gấp mà không cần tài sản đảm bảo,90%,Tư vấn gói Vay tiêu dùng tín chấp với lãi suất ưu đãi cố định năm đầu.
CUST_0055,Bùi Thanh Quân,PRIME,Phân khúc,Nâng hạng VPBank Diamond / Prime,VPBank Financial,0 VND,Theo điều kiện duy trì,"Quầy riêng không phải xếp hàng, RM chăm sóc riêng, lãi suất và tỷ giá ưu đãi",86%,"Gói Nâng hạng VPBank Diamond / Prime: Quầy riêng không phải xếp hàng, RM chăm sóc riêng, lãi suất và tỷ giá ưu đãi"
CUST_0055,Bùi Thanh Quân,PRIME,Đầu tư,Chứng chỉ quỹ mở,VPBank Financial,"1,000,000 VND",Phí quản lý quỹ,"Đầu tư đa dạng với số vốn nhỏ, do chuyên gia quản lý",84%,"Gói Chứng chỉ quỹ mở: Đầu tư đa dạng với số vốn nhỏ, do chuyên gia quản lý"
CUST_0044,Phạm Ngọc Linh,MASS,Doanh nghiệp,Gói tài khoản chi lương doanh nghiệp,VPBank Financial,0 VND,Theo gói dịch vụ,"Chi lương tự động, nhân viên được miễn phí dịch vụ và ưu đãi vay",99%,"Gói Gói tài khoản chi lương doanh nghiệp: Chi lương tự động, nhân viên được miễn phí dịch vụ và ưu đãi vay"
CUST_0044,Phạm Ngọc Linh,MASS,Thẻ,Thẻ ghi nợ quốc tế,VPBank Financial,0 VND,Phí phát hành + thường niên,"Thanh toán online và mua sắm nước ngoài an toàn, không cần mang tiền mặt",92%,Khách có dòng tiền ổn định. Gợi ý mở Thẻ ghi nợ quốc tế hoàn tiền chi tiêu lên đến 45 ngày miễn lãi.
CUST_0044,Phạm Ngọc Linh,MASS,Vay,Vay tiêu dùng tín chấp,VPBank Financial,"10,000,000 VND",Theo hồ sơ và điểm tín dụng,Giải quyết nhu cầu tiền mặt gấp mà không cần tài sản đảm bảo,89%,Tư vấn gói Vay tiêu dùng tín chấp với lãi suất ưu đãi cố định năm đầu.
CUST_0044,Phạm Ngọc Linh,MASS,Phân khúc,Nâng hạng VPBank Diamond / Prime,VPBank Financial,0 VND,Theo điều kiện duy trì,"Quầy riêng không phải xếp hàng, RM chăm sóc riêng, lãi suất và tỷ giá ưu đãi",89%,"Gói Nâng hạng VPBank Diamond / Prime: Quầy riêng không phải xếp hàng, RM chăm sóc riêng, lãi suất và tỷ giá ưu đãi"
CUST_0044,Phạm Ngọc Linh,MASS,Đầu tư,Chứng chỉ quỹ mở,VPBank Financial,"1,000,000 VND",Phí quản lý quỹ,"Đầu tư đa dạng với số vốn nhỏ, do chuyên gia quản lý",83%,"Gói Chứng chỉ quỹ mở: Đầu tư đa dạng với số vốn nhỏ, do chuyên gia quản lý"
CUST_0100,Vũ Thanh Phong,MASS,Doanh nghiệp,Gói tài khoản chi lương doanh nghiệp,VPBank Financial,0 VND,Theo gói dịch vụ,"Chi lương tự động, nhân viên được miễn phí dịch vụ và ưu đãi vay",99%,"Gói Gói tài khoản chi lương doanh nghiệp: Chi lương tự động, nhân viên được miễn phí dịch vụ và ưu đãi vay"
CUST_0100,Vũ Thanh Phong,MASS,Thẻ,Thẻ ghi nợ quốc tế,VPBank Financial,0 VND,Phí phát hành + thường niên,"Thanh toán online và mua sắm nước ngoài an toàn, không cần mang tiền mặt",93%,Khách có dòng tiền ổn định. Gợi ý mở Thẻ ghi nợ quốc tế hoàn tiền chi tiêu lên đến 45 ngày miễn lãi.
CUST_0100,Vũ Thanh Phong,MASS,Phân khúc,Nâng hạng VPBank Diamond / Prime,VPBank Financial,0 VND,Theo điều kiện duy trì,"Quầy riêng không phải xếp hàng, RM chăm sóc riêng, lãi suất và tỷ giá ưu đãi",90%,"Gói Nâng hạng VPBank Diamond / Prime: Quầy riêng không phải xếp hàng, RM chăm sóc riêng, lãi suất và tỷ giá ưu đãi"
CUST_0100,Vũ Thanh Phong,MASS,Vay,Vay tiêu dùng tín chấp,VPBank Financial,"10,000,000 VND",Theo hồ sơ và điểm tín dụng,Giải quyết nhu cầu tiền mặt gấp mà không cần tài sản đảm bảo,89%,Tư vấn gói Vay tiêu dùng tín chấp với lãi suất ưu đãi cố định năm đầu.
CUST_0100,Vũ Thanh Phong,MASS,Đầu tư,Chứng chỉ quỹ mở,VPBank Financial,"1,000,000 VND",Phí quản lý quỹ,"Đầu tư đa dạng với số vốn nhỏ, do chuyên gia quản lý",87%,"Gói Chứng chỉ quỹ mở: Đầu tư đa dạng với số vốn nhỏ, do chuyên gia quản lý"
CUST_0005,Vũ Thanh Cường,MASS,Doanh nghiệp,Gói tài khoản chi lương doanh nghiệp,VPBank Financial,0 VND,Theo gói dịch vụ,"Chi lương tự động, nhân viên được miễn phí dịch vụ và ưu đãi vay",96%,"Gói Gói tài khoản chi lương doanh nghiệp: Chi lương tự động, nhân viên được miễn phí dịch vụ và ưu đãi vay"
CUST_0005,Vũ Thanh Cường,MASS,Thẻ,Thẻ ghi nợ quốc tế,VPBank Financial,0 VND,Phí phát hành + thường niên,"Thanh toán online và mua sắm nước ngoài an toàn, không cần mang tiền mặt",94%,Khách có dòng tiền ổn định. Gợi ý mở Thẻ ghi nợ quốc tế hoàn tiền chi tiêu lên đến 45 ngày miễn lãi.
CUST_0005,Vũ Thanh Cường,MASS,Vay,Vay tiêu dùng tín chấp,VPBank Financial,"10,000,000 VND",Theo hồ sơ và điểm tín dụng,Giải quyết nhu cầu tiền mặt gấp mà không cần tài sản đảm bảo,93%,Tư vấn gói Vay tiêu dùng tín chấp với lãi suất ưu đãi cố định năm đầu.
CUST_0005,Vũ Thanh Cường,MASS,Phân khúc,Nâng hạng VPBank Diamond / Prime,VPBank Financial,0 VND,Theo điều kiện duy trì,"Quầy riêng không phải xếp hàng, RM chăm sóc riêng, lãi suất và tỷ giá ưu đãi",90%,"Gói Nâng hạng VPBank Diamond / Prime: Quầy riêng không phải xếp hàng, RM chăm sóc riêng, lãi suất và tỷ giá ưu đãi"
CUST_0005,Vũ Thanh Cường,MASS,Đầu tư,Chứng chỉ quỹ mở,VPBank Financial,"1,000,000 VND",Phí quản lý quỹ,"Đầu tư đa dạng với số vốn nhỏ, do chuyên gia quản lý",86%,"Gói Chứng chỉ quỹ mở: Đầu tư đa dạng với số vốn nhỏ, do chuyên gia quản lý"
CUST_0096,Hoàng Hoàng Em,PRIME,Doanh nghiệp,Gói tài khoản chi lương doanh nghiệp,VPBank Financial,0 VND,Theo gói dịch vụ,"Chi lương tự động, nhân viên được miễn phí dịch vụ và ưu đãi vay",96%,"Gói Gói tài khoản chi lương doanh nghiệp: Chi lương tự động, nhân viên được miễn phí dịch vụ và ưu đãi vay"
CUST_0096,Hoàng Hoàng Em,PRIME,Thẻ,Thẻ ghi nợ quốc tế,VPBank Financial,0 VND,Phí phát hành + thường niên,"Thanh toán online và mua sắm nước ngoài an toàn, không cần mang tiền mặt",96%,Khách có dòng tiền ổn định. Gợi ý mở Thẻ ghi nợ quốc tế hoàn tiền chi tiêu lên đến 45 ngày miễn lãi.
CUST_0096,Hoàng Hoàng Em,PRIME,Vay,Vay tiêu dùng tín chấp,VPBank Financial,"10,000,000 VND",Theo hồ sơ và điểm tín dụng,Giải quyết nhu cầu tiền mặt gấp mà không cần tài sản đảm bảo,90%,Tư vấn gói Vay tiêu dùng tín chấp với lãi suất ưu đãi cố định năm đầu.
CUST_0096,Hoàng Hoàng Em,PRIME,Phân khúc,Nâng hạng VPBank Diamond / Prime,VPBank Financial,0 VND,Theo điều kiện duy trì,"Quầy riêng không phải xếp hàng, RM chăm sóc riêng, lãi suất và tỷ giá ưu đãi",88%,"Gói Nâng hạng VPBank Diamond / Prime: Quầy riêng không phải xếp hàng, RM chăm sóc riêng, lãi suất và tỷ giá ưu đãi"
CUST_0096,Hoàng Hoàng Em,PRIME,Đầu tư,Chứng chỉ quỹ mở,VPBank Financial,"1,000,000 VND",Phí quản lý quỹ,"Đầu tư đa dạng với số vốn nhỏ, do chuyên gia quản lý",86%,"Gói Chứng chỉ quỹ mở: Đầu tư đa dạng với số vốn nhỏ, do chuyên gia quản lý"
CUST_0119,Hoàng Minh Long,DIAMOND,Doanh nghiệp,Gói tài khoản chi lương doanh nghiệp,VPBank Financial,0 VND,Theo gói dịch vụ,"Chi lương tự động, nhân viên được miễn phí dịch vụ và ưu đãi vay",97%,"Gói Gói tài khoản chi lương doanh nghiệp: Chi lương tự động, nhân viên được miễn phí dịch vụ và ưu đãi vay"
CUST_0119,Hoàng Minh Long,DIAMOND,Thẻ,Thẻ ghi nợ quốc tế,VPBank Financial,0 VND,Phí phát hành + thường niên,"Thanh toán online và mua sắm nước ngoài an toàn, không cần mang tiền mặt",95%,Khách có dòng tiền ổn định. Gợi ý mở Thẻ ghi nợ quốc tế hoàn tiền chi tiêu lên đến 45 ngày miễn lãi.
CUST_0119,Hoàng Minh Long,DIAMOND,Phân khúc,Nâng hạng VPBank Diamond / Prime,VPBank Financial,0 VND,Theo điều kiện duy trì,"Quầy riêng không phải xếp hàng, RM chăm sóc riêng, lãi suất và tỷ giá ưu đãi",93%,"Gói Nâng hạng VPBank Diamond / Prime: Quầy riêng không phải xếp hàng, RM chăm sóc riêng, lãi suất và tỷ giá ưu đãi"
CUST_0119,Hoàng Minh Long,DIAMOND,Vay,Vay tiêu dùng tín chấp,VPBank Financial,"10,000,000 VND",Theo hồ sơ và điểm tín dụng,Giải quyết nhu cầu tiền mặt gấp mà không cần tài sản đảm bảo,89%,Tư vấn gói Vay tiêu dùng tín chấp với lãi suất ưu đãi cố định năm đầu.
CUST_0119,Hoàng Minh Long,DIAMOND,Đầu tư,Chứng chỉ quỹ mở,VPBank Financial,"1,000,000 VND",Phí quản lý quỹ,"Đầu tư đa dạng với số vốn nhỏ, do chuyên gia quản lý",83%,"Gói Chứng chỉ quỹ mở: Đầu tư đa dạng với số vốn nhỏ, do chuyên gia quản lý"
CUST_0071,Võ Hoàng Bình,MASS,Doanh nghiệp,Gói tài khoản chi lương doanh nghiệp,VPBank Financial,0 VND,Theo gói dịch vụ,"Chi lương tự động, nhân viên được miễn phí dịch vụ và ưu đãi vay",96%,"Gói Gói tài khoản chi lương doanh nghiệp: Chi lương tự động, nhân viên được miễn phí dịch vụ và ưu đãi vay"
CUST_0071,Võ Hoàng Bình,MASS,Thẻ,Thẻ ghi nợ quốc tế,VPBank Financial,0 VND,Phí phát hành + thường niên,"Thanh toán online và mua sắm nước ngoài an toàn, không cần mang tiền mặt",93%,Khách có dòng tiền ổn định. Gợi ý mở Thẻ ghi nợ quốc tế hoàn tiền chi tiêu lên đến 45 ngày miễn lãi.
CUST_0071,Võ Hoàng Bình,MASS,Vay,Vay tiêu dùng tín chấp,VPBank Financial,"10,000,000 VND",Theo hồ sơ và điểm tín dụng,Giải quyết nhu cầu tiền mặt gấp mà không cần tài sản đảm bảo,89%,Tư vấn gói Vay tiêu dùng tín chấp với lãi suất ưu đãi cố định năm đầu.
CUST_0071,Võ Hoàng Bình,MASS,Phân khúc,Nâng hạng VPBank Diamond / Prime,VPBank Financial,0 VND,Theo điều kiện duy trì,"Quầy riêng không phải xếp hàng, RM chăm sóc riêng, lãi suất và tỷ giá ưu đãi",88%,"Gói Nâng hạng VPBank Diamond / Prime: Quầy riêng không phải xếp hàng, RM chăm sóc riêng, lãi suất và tỷ giá ưu đãi"
CUST_0071,Võ Hoàng Bình,MASS,Đầu tư,Chứng chỉ quỹ mở,VPBank Financial,"1,000,000 VND",Phí quản lý quỹ,"Đầu tư đa dạng với số vốn nhỏ, do chuyên gia quản lý",83%,"Gói Chứng chỉ quỹ mở: Đầu tư đa dạng với số vốn nhỏ, do chuyên gia quản lý"
CUST_0103,Trần Hoàng Em,PRIME,Doanh nghiệp,Gói tài khoản chi lương doanh nghiệp,VPBank Financial,0 VND,Theo gói dịch vụ,"Chi lương tự động, nhân viên được miễn phí dịch vụ và ưu đãi vay",99%,"Gói Gói tài khoản chi lương doanh nghiệp: Chi lương tự động, nhân viên được miễn phí dịch vụ và ưu đãi vay"
CUST_0103,Trần Hoàng Em,PRIME,Thẻ,Thẻ ghi nợ quốc tế,VPBank Financial,0 VND,Phí phát hành + thường niên,"Thanh toán online và mua sắm nước ngoài an toàn, không cần mang tiền mặt",96%,Khách có dòng tiền ổn định. Gợi ý mở Thẻ ghi nợ quốc tế hoàn tiền chi tiêu lên đến 45 ngày miễn lãi.
CUST_0103,Trần Hoàng Em,PRIME,Phân khúc,Nâng hạng VPBank Diamond / Prime,VPBank Financial,0 VND,Theo điều kiện duy trì,"Quầy riêng không phải xếp hàng, RM chăm sóc riêng, lãi suất và tỷ giá ưu đãi",90%,"Gói Nâng hạng VPBank Diamond / Prime: Quầy riêng không phải xếp hàng, RM chăm sóc riêng, lãi suất và tỷ giá ưu đãi"
CUST_0103,Trần Hoàng Em,PRIME,Vay,Vay tiêu dùng tín chấp,VPBank Financial,"10,000,000 VND",Theo hồ sơ và điểm tín dụng,Giải quyết nhu cầu tiền mặt gấp mà không cần tài sản đảm bảo,90%,Tư vấn gói Vay tiêu dùng tín chấp với lãi suất ưu đãi cố định năm đầu.
CUST_0103,Trần Hoàng Em,PRIME,Đầu tư,Chứng chỉ quỹ mở,VPBank Financial,"1,000,000 VND",Phí quản lý quỹ,"Đầu tư đa dạng với số vốn nhỏ, do chuyên gia quản lý",84%,"Gói Chứng chỉ quỹ mở: Đầu tư đa dạng với số vốn nhỏ, do chuyên gia quản lý"
CUST_0098,Võ Thanh Tuấn,MASS,Doanh nghiệp,Gói tài khoản chi lương doanh nghiệp,VPBank Financial,0 VND,Theo gói dịch vụ,"Chi lương tự động, nhân viên được miễn phí dịch vụ và ưu đãi vay",95%,"Gói Gói tài khoản chi lương doanh nghiệp: Chi lương tự động, nhân viên được miễn phí dịch vụ và ưu đãi vay"
CUST_0098,Võ Thanh Tuấn,MASS,Thẻ,Thẻ ghi nợ quốc tế,VPBank Financial,0 VND,Phí phát hành + thường niên,"Thanh toán online và mua sắm nước ngoài an toàn, không cần mang tiền mặt",92%,Khách có dòng tiền ổn định. Gợi ý mở Thẻ ghi nợ quốc tế hoàn tiền chi tiêu lên đến 45 ngày miễn lãi.
CUST_0098,Võ Thanh Tuấn,MASS,Phân khúc,Nâng hạng VPBank Diamond / Prime,VPBank Financial,0 VND,Theo điều kiện duy trì,"Quầy riêng không phải xếp hàng, RM chăm sóc riêng, lãi suất và tỷ giá ưu đãi",89%,"Gói Nâng hạng VPBank Diamond / Prime: Quầy riêng không phải xếp hàng, RM chăm sóc riêng, lãi suất và tỷ giá ưu đãi"
CUST_0098,Võ Thanh Tuấn,MASS,Vay,Vay tiêu dùng tín chấp,VPBank Financial,"10,000,000 VND",Theo hồ sơ và điểm tín dụng,Giải quyết nhu cầu tiền mặt gấp mà không cần tài sản đảm bảo,87%,Tư vấn gói Vay tiêu dùng tín chấp với lãi suất ưu đãi cố định năm đầu.
CUST_0098,Võ Thanh Tuấn,MASS,Đầu tư,Chứng chỉ quỹ mở,VPBank Financial,"1,000,000 VND",Phí quản lý quỹ,"Đầu tư đa dạng với số vốn nhỏ, do chuyên gia quản lý",83%,"Gói Chứng chỉ quỹ mở: Đầu tư đa dạng với số vốn nhỏ, do chuyên gia quản lý"
CUST_0118,Bùi Đức Thảo,PRIME,Doanh nghiệp,Gói tài khoản chi lương doanh nghiệp,VPBank Financial,0 VND,Theo gói dịch vụ,"Chi lương tự động, nhân viên được miễn phí dịch vụ và ưu đãi vay",95%,"Gói Gói tài khoản chi lương doanh nghiệp: Chi lương tự động, nhân viên được miễn phí dịch vụ và ưu đãi vay"
CUST_0118,Bùi Đức Thảo,PRIME,Thẻ,Thẻ ghi nợ quốc tế,VPBank Financial,0 VND,Phí phát hành + thường niên,"Thanh toán online và mua sắm nước ngoài an toàn, không cần mang tiền mặt",94%,Khách có dòng tiền ổn định. Gợi ý mở Thẻ ghi nợ quốc tế hoàn tiền chi tiêu lên đến 45 ngày miễn lãi.
CUST_0118,Bùi Đức Thảo,PRIME,Phân khúc,Nâng hạng VPBank Diamond / Prime,VPBank Financial,0 VND,Theo điều kiện duy trì,"Quầy riêng không phải xếp hàng, RM chăm sóc riêng, lãi suất và tỷ giá ưu đãi",89%,"Gói Nâng hạng VPBank Diamond / Prime: Quầy riêng không phải xếp hàng, RM chăm sóc riêng, lãi suất và tỷ giá ưu đãi"
CUST_0118,Bùi Đức Thảo,PRIME,Vay,Vay tiêu dùng tín chấp,VPBank Financial,"10,000,000 VND",Theo hồ sơ và điểm tín dụng,Giải quyết nhu cầu tiền mặt gấp mà không cần tài sản đảm bảo,90%,Tư vấn gói Vay tiêu dùng tín chấp với lãi suất ưu đãi cố định năm đầu.
CUST_0118,Bùi Đức Thảo,PRIME,Đầu tư,Chứng chỉ quỹ mở,VPBank Financial,"1,000,000 VND",Phí quản lý quỹ,"Đầu tư đa dạng với số vốn nhỏ, do chuyên gia quản lý",84%,"Gói Chứng chỉ quỹ mở: Đầu tư đa dạng với số vốn nhỏ, do chuyên gia quản lý"
CUST_0062,Huỳnh Minh Trang,MASS,Doanh nghiệp,Gói tài khoản chi lương doanh nghiệp,VPBank Financial,0 VND,Theo gói dịch vụ,"Chi lương tự động, nhân viên được miễn phí dịch vụ và ưu đãi vay",97%,"Gói Gói tài khoản chi lương doanh nghiệp: Chi lương tự động, nhân viên được miễn phí dịch vụ và ưu đãi vay"
CUST_0062,Huỳnh Minh Trang,MASS,Thẻ,Thẻ ghi nợ quốc tế,VPBank Financial,0 VND,Phí phát hành + thường niên,"Thanh toán online và mua sắm nước ngoài an toàn, không cần mang tiền mặt",95%,Khách có dòng tiền ổn định. Gợi ý mở Thẻ ghi nợ quốc tế hoàn tiền chi tiêu lên đến 45 ngày miễn lãi.
CUST_0062,Huỳnh Minh Trang,MASS,Phân khúc,Nâng hạng VPBank Diamond / Prime,VPBank Financial,0 VND,Theo điều kiện duy trì,"Quầy riêng không phải xếp hàng, RM chăm sóc riêng, lãi suất và tỷ giá ưu đãi",90%,"Gói Nâng hạng VPBank Diamond / Prime: Quầy riêng không phải xếp hàng, RM chăm sóc riêng, lãi suất và tỷ giá ưu đãi"
CUST_0062,Huỳnh Minh Trang,MASS,Vay,Vay tiêu dùng tín chấp,VPBank Financial,"10,000,000 VND",Theo hồ sơ và điểm tín dụng,Giải quyết nhu cầu tiền mặt gấp mà không cần tài sản đảm bảo,90%,Tư vấn gói Vay tiêu dùng tín chấp với lãi suất ưu đãi cố định năm đầu.
CUST_0062,Huỳnh Minh Trang,MASS,Đầu tư,Chứng chỉ quỹ mở,VPBank Financial,"1,000,000 VND",Phí quản lý quỹ,"Đầu tư đa dạng với số vốn nhỏ, do chuyên gia quản lý",84%,"Gói Chứng chỉ quỹ mở: Đầu tư đa dạng với số vốn nhỏ, do chuyên gia quản lý"
CUST_0112,Phạm Thị Em,MASS,Doanh nghiệp,Gói tài khoản chi lương doanh nghiệp,VPBank Financial,0 VND,Theo gói dịch vụ,"Chi lương tự động, nhân viên được miễn phí dịch vụ và ưu đãi vay",99%,"Gói Gói tài khoản chi lương doanh nghiệp: Chi lương tự động, nhân viên được miễn phí dịch vụ và ưu đãi vay"
CUST_0112,Phạm Thị Em,MASS,Thẻ,Thẻ ghi nợ quốc tế,VPBank Financial,0 VND,Phí phát hành + thường niên,"Thanh toán online và mua sắm nước ngoài an toàn, không cần mang tiền mặt",96%,Khách có dòng tiền ổn định. Gợi ý mở Thẻ ghi nợ quốc tế hoàn tiền chi tiêu lên đến 45 ngày miễn lãi.
CUST_0112,Phạm Thị Em,MASS,Phân khúc,Nâng hạng VPBank Diamond / Prime,VPBank Financial,0 VND,Theo điều kiện duy trì,"Quầy riêng không phải xếp hàng, RM chăm sóc riêng, lãi suất và tỷ giá ưu đãi",92%,"Gói Nâng hạng VPBank Diamond / Prime: Quầy riêng không phải xếp hàng, RM chăm sóc riêng, lãi suất và tỷ giá ưu đãi"
CUST_0112,Phạm Thị Em,MASS,Vay,Vay tiêu dùng tín chấp,VPBank Financial,"10,000,000 VND",Theo hồ sơ và điểm tín dụng,Giải quyết nhu cầu tiền mặt gấp mà không cần tài sản đảm bảo,87%,Tư vấn gói Vay tiêu dùng tín chấp với lãi suất ưu đãi cố định năm đầu.
CUST_0112,Phạm Thị Em,MASS,Đầu tư,Chứng chỉ quỹ mở,VPBank Financial,"1,000,000 VND",Phí quản lý quỹ,"Đầu tư đa dạng với số vốn nhỏ, do chuyên gia quản lý",86%,"Gói Chứng chỉ quỹ mở: Đầu tư đa dạng với số vốn nhỏ, do chuyên gia quản lý"
CUST_0009,Huỳnh Ngọc Quân,MASS,Doanh nghiệp,Gói tài khoản chi lương doanh nghiệp,VPBank Financial,0 VND,Theo gói dịch vụ,"Chi lương tự động, nhân viên được miễn phí dịch vụ và ưu đãi vay",98%,"Gói Gói tài khoản chi lương doanh nghiệp: Chi lương tự động, nhân viên được miễn phí dịch vụ và ưu đãi vay"
CUST_0009,Huỳnh Ngọc Quân,MASS,Thẻ,Thẻ ghi nợ quốc tế,VPBank Financial,0 VND,Phí phát hành + thường niên,"Thanh toán online và mua sắm nước ngoài an toàn, không cần mang tiền mặt",93%,Khách có dòng tiền ổn định. Gợi ý mở Thẻ ghi nợ quốc tế hoàn tiền chi tiêu lên đến 45 ngày miễn lãi.
CUST_0009,Huỳnh Ngọc Quân,MASS,Phân khúc,Nâng hạng VPBank Diamond / Prime,VPBank Financial,0 VND,Theo điều kiện duy trì,"Quầy riêng không phải xếp hàng, RM chăm sóc riêng, lãi suất và tỷ giá ưu đãi",89%,"Gói Nâng hạng VPBank Diamond / Prime: Quầy riêng không phải xếp hàng, RM chăm sóc riêng, lãi suất và tỷ giá ưu đãi"
CUST_0009,Huỳnh Ngọc Quân,MASS,Đầu tư,Chứng chỉ quỹ mở,VPBank Financial,"1,000,000 VND",Phí quản lý quỹ,"Đầu tư đa dạng với số vốn nhỏ, do chuyên gia quản lý",86%,"Gói Chứng chỉ quỹ mở: Đầu tư đa dạng với số vốn nhỏ, do chuyên gia quản lý"
CUST_0009,Huỳnh Ngọc Quân,MASS,Vay,Vay tiêu dùng tín chấp,VPBank Financial,"10,000,000 VND",Theo hồ sơ và điểm tín dụng,Giải quyết nhu cầu tiền mặt gấp mà không cần tài sản đảm bảo,86%,Tư vấn gói Vay tiêu dùng tín chấp với lãi suất ưu đãi cố định năm đầu.
CUST_0087,Nguyễn Thanh Trang,MASS,Doanh nghiệp,Gói tài khoản chi lương doanh nghiệp,VPBank Financial,0 VND,Theo gói dịch vụ,"Chi lương tự động, nhân viên được miễn phí dịch vụ và ưu đãi vay",97%,"Gói Gói tài khoản chi lương doanh nghiệp: Chi lương tự động, nhân viên được miễn phí dịch vụ và ưu đãi vay"
CUST_0087,Nguyễn Thanh Trang,MASS,Thẻ,Thẻ ghi nợ quốc tế,VPBank Financial,0 VND,Phí phát hành + thường niên,"Thanh toán online và mua sắm nước ngoài an toàn, không cần mang tiền mặt",95%,Khách có dòng tiền ổn định. Gợi ý mở Thẻ ghi nợ quốc tế hoàn tiền chi tiêu lên đến 45 ngày miễn lãi.
CUST_0087,Nguyễn Thanh Trang,MASS,Phân khúc,Nâng hạng VPBank Diamond / Prime,VPBank Financial,0 VND,Theo điều kiện duy trì,"Quầy riêng không phải xếp hàng, RM chăm sóc riêng, lãi suất và tỷ giá ưu đãi",92%,"Gói Nâng hạng VPBank Diamond / Prime: Quầy riêng không phải xếp hàng, RM chăm sóc riêng, lãi suất và tỷ giá ưu đãi"
CUST_0087,Nguyễn Thanh Trang,MASS,Vay,Vay tiêu dùng tín chấp,VPBank Financial,"10,000,000 VND",Theo hồ sơ và điểm tín dụng,Giải quyết nhu cầu tiền mặt gấp mà không cần tài sản đảm bảo,89%,Tư vấn gói Vay tiêu dùng tín chấp với lãi suất ưu đãi cố định năm đầu.
CUST_0087,Nguyễn Thanh Trang,MASS,Đầu tư,Chứng chỉ quỹ mở,VPBank Financial,"1,000,000 VND",Phí quản lý quỹ,"Đầu tư đa dạng với số vốn nhỏ, do chuyên gia quản lý",83%,"Gói Chứng chỉ quỹ mở: Đầu tư đa dạng với số vốn nhỏ, do chuyên gia quản lý"
CUST_0061,Huỳnh Minh Tuấn,MASS,Doanh nghiệp,Gói tài khoản chi lương doanh nghiệp,VPBank Financial,0 VND,Theo gói dịch vụ,"Chi lương tự động, nhân viên được miễn phí dịch vụ và ưu đãi vay",95%,"Gói Gói tài khoản chi lương doanh nghiệp: Chi lương tự động, nhân viên được miễn phí dịch vụ và ưu đãi vay"
CUST_0061,Huỳnh Minh Tuấn,MASS,Thẻ,Thẻ ghi nợ quốc tế,VPBank Financial,0 VND,Phí phát hành + thường niên,"Thanh toán online và mua sắm nước ngoài an toàn, không cần mang tiền mặt",92%,Khách có dòng tiền ổn định. Gợi ý mở Thẻ ghi nợ quốc tế hoàn tiền chi tiêu lên đến 45 ngày miễn lãi.
CUST_0061,Huỳnh Minh Tuấn,MASS,Phân khúc,Nâng hạng VPBank Diamond / Prime,VPBank Financial,0 VND,Theo điều kiện duy trì,"Quầy riêng không phải xếp hàng, RM chăm sóc riêng, lãi suất và tỷ giá ưu đãi",92%,"Gói Nâng hạng VPBank Diamond / Prime: Quầy riêng không phải xếp hàng, RM chăm sóc riêng, lãi suất và tỷ giá ưu đãi"
CUST_0061,Huỳnh Minh Tuấn,MASS,Vay,Vay tiêu dùng tín chấp,VPBank Financial,"10,000,000 VND",Theo hồ sơ và điểm tín dụng,Giải quyết nhu cầu tiền mặt gấp mà không cần tài sản đảm bảo,88%,Tư vấn gói Vay tiêu dùng tín chấp với lãi suất ưu đãi cố định năm đầu.
CUST_0061,Huỳnh Minh Tuấn,MASS,Đầu tư,Chứng chỉ quỹ mở,VPBank Financial,"1,000,000 VND",Phí quản lý quỹ,"Đầu tư đa dạng với số vốn nhỏ, do chuyên gia quản lý",83%,"Gói Chứng chỉ quỹ mở: Đầu tư đa dạng với số vốn nhỏ, do chuyên gia quản lý"
CUST_0064,Phan Kim Nam,MASS,Doanh nghiệp,Gói tài khoản chi lương doanh nghiệp,VPBank Financial,0 VND,Theo gói dịch vụ,"Chi lương tự động, nhân viên được miễn phí dịch vụ và ưu đãi vay",96%,"Gói Gói tài khoản chi lương doanh nghiệp: Chi lương tự động, nhân viên được miễn phí dịch vụ và ưu đãi vay"
CUST_0064,Phan Kim Nam,MASS,Thẻ,Thẻ ghi nợ quốc tế,VPBank Financial,0 VND,Phí phát hành + thường niên,"Thanh toán online và mua sắm nước ngoài an toàn, không cần mang tiền mặt",93%,Khách có dòng tiền ổn định. Gợi ý mở Thẻ ghi nợ quốc tế hoàn tiền chi tiêu lên đến 45 ngày miễn lãi.
CUST_0064,Phan Kim Nam,MASS,Phân khúc,Nâng hạng VPBank Diamond / Prime,VPBank Financial,0 VND,Theo điều kiện duy trì,"Quầy riêng không phải xếp hàng, RM chăm sóc riêng, lãi suất và tỷ giá ưu đãi",90%,"Gói Nâng hạng VPBank Diamond / Prime: Quầy riêng không phải xếp hàng, RM chăm sóc riêng, lãi suất và tỷ giá ưu đãi"
CUST_0064,Phan Kim Nam,MASS,Vay,Vay tiêu dùng tín chấp,VPBank Financial,"10,000,000 VND",Theo hồ sơ và điểm tín dụng,Giải quyết nhu cầu tiền mặt gấp mà không cần tài sản đảm bảo,90%,Tư vấn gói Vay tiêu dùng tín chấp với lãi suất ưu đãi cố định năm đầu.
CUST_0064,Phan Kim Nam,MASS,Đầu tư,Chứng chỉ quỹ mở,VPBank Financial,"1,000,000 VND",Phí quản lý quỹ,"Đầu tư đa dạng với số vốn nhỏ, do chuyên gia quản lý",86%,"Gói Chứng chỉ quỹ mở: Đầu tư đa dạng với số vốn nhỏ, do chuyên gia quản lý"
CUST_0105,Huỳnh Thanh Cường,PRIME,Doanh nghiệp,Gói tài khoản chi lương doanh nghiệp,VPBank Financial,0 VND,Theo gói dịch vụ,"Chi lương tự động, nhân viên được miễn phí dịch vụ và ưu đãi vay",96%,"Gói Gói tài khoản chi lương doanh nghiệp: Chi lương tự động, nhân viên được miễn phí dịch vụ và ưu đãi vay"
CUST_0105,Huỳnh Thanh Cường,PRIME,Thẻ,Thẻ ghi nợ quốc tế,VPBank Financial,0 VND,Phí phát hành + thường niên,"Thanh toán online và mua sắm nước ngoài an toàn, không cần mang tiền mặt",95%,Khách có dòng tiền ổn định. Gợi ý mở Thẻ ghi nợ quốc tế hoàn tiền chi tiêu lên đến 45 ngày miễn lãi.
CUST_0105,Huỳnh Thanh Cường,PRIME,Phân khúc,Nâng hạng VPBank Diamond / Prime,VPBank Financial,0 VND,Theo điều kiện duy trì,"Quầy riêng không phải xếp hàng, RM chăm sóc riêng, lãi suất và tỷ giá ưu đãi",90%,"Gói Nâng hạng VPBank Diamond / Prime: Quầy riêng không phải xếp hàng, RM chăm sóc riêng, lãi suất và tỷ giá ưu đãi"
CUST_0105,Huỳnh Thanh Cường,PRIME,Vay,Vay tiêu dùng tín chấp,VPBank Financial,"10,000,000 VND",Theo hồ sơ và điểm tín dụng,Giải quyết nhu cầu tiền mặt gấp mà không cần tài sản đảm bảo,88%,Tư vấn gói Vay tiêu dùng tín chấp với lãi suất ưu đãi cố định năm đầu.
CUST_0105,Huỳnh Thanh Cường,PRIME,Đầu tư,Chứng chỉ quỹ mở,VPBank Financial,"1,000,000 VND",Phí quản lý quỹ,"Đầu tư đa dạng với số vốn nhỏ, do chuyên gia quản lý",86%,"Gói Chứng chỉ quỹ mở: Đầu tư đa dạng với số vốn nhỏ, do chuyên gia quản lý"
CUST_0083,Bùi Thị Phong,MASS,Doanh nghiệp,Gói tài khoản chi lương doanh nghiệp,VPBank Financial,0 VND,Theo gói dịch vụ,"Chi lương tự động, nhân viên được miễn phí dịch vụ và ưu đãi vay",96%,"Gói Gói tài khoản chi lương doanh nghiệp: Chi lương tự động, nhân viên được miễn phí dịch vụ và ưu đãi vay"
CUST_0083,Bùi Thị Phong,MASS,Thẻ,Thẻ ghi nợ quốc tế,VPBank Financial,0 VND,Phí phát hành + thường niên,"Thanh toán online và mua sắm nước ngoài an toàn, không cần mang tiền mặt",92%,Khách có dòng tiền ổn định. Gợi ý mở Thẻ ghi nợ quốc tế hoàn tiền chi tiêu lên đến 45 ngày miễn lãi.
CUST_0083,Bùi Thị Phong,MASS,Phân khúc,Nâng hạng VPBank Diamond / Prime,VPBank Financial,0 VND,Theo điều kiện duy trì,"Quầy riêng không phải xếp hàng, RM chăm sóc riêng, lãi suất và tỷ giá ưu đãi",92%,"Gói Nâng hạng VPBank Diamond / Prime: Quầy riêng không phải xếp hàng, RM chăm sóc riêng, lãi suất và tỷ giá ưu đãi"
CUST_0083,Bùi Thị Phong,MASS,Vay,Vay tiêu dùng tín chấp,VPBank Financial,"10,000,000 VND",Theo hồ sơ và điểm tín dụng,Giải quyết nhu cầu tiền mặt gấp mà không cần tài sản đảm bảo,90%,Tư vấn gói Vay tiêu dùng tín chấp với lãi suất ưu đãi cố định năm đầu.
CUST_0083,Bùi Thị Phong,MASS,Đầu tư,Chứng chỉ quỹ mở,VPBank Financial,"1,000,000 VND",Phí quản lý quỹ,"Đầu tư đa dạng với số vốn nhỏ, do chuyên gia quản lý",83%,"Gói Chứng chỉ quỹ mở: Đầu tư đa dạng với số vốn nhỏ, do chuyên gia quản lý"
CUST_0043,Vũ Minh Phong,DIAMOND,Doanh nghiệp,Gói tài khoản chi lương doanh nghiệp,VPBank Financial,0 VND,Theo gói dịch vụ,"Chi lương tự động, nhân viên được miễn phí dịch vụ và ưu đãi vay",95%,"Gói Gói tài khoản chi lương doanh nghiệp: Chi lương tự động, nhân viên được miễn phí dịch vụ và ưu đãi vay"
CUST_0043,Vũ Minh Phong,DIAMOND,Thẻ,Thẻ ghi nợ quốc tế,VPBank Financial,0 VND,Phí phát hành + thường niên,"Thanh toán online và mua sắm nước ngoài an toàn, không cần mang tiền mặt",96%,Khách có dòng tiền ổn định. Gợi ý mở Thẻ ghi nợ quốc tế hoàn tiền chi tiêu lên đến 45 ngày miễn lãi.
CUST_0043,Vũ Minh Phong,DIAMOND,Phân khúc,Nâng hạng VPBank Diamond / Prime,VPBank Financial,0 VND,Theo điều kiện duy trì,"Quầy riêng không phải xếp hàng, RM chăm sóc riêng, lãi suất và tỷ giá ưu đãi",89%,"Gói Nâng hạng VPBank Diamond / Prime: Quầy riêng không phải xếp hàng, RM chăm sóc riêng, lãi suất và tỷ giá ưu đãi"
CUST_0043,Vũ Minh Phong,DIAMOND,Vay,Vay tiêu dùng tín chấp,VPBank Financial,"10,000,000 VND",Theo hồ sơ và điểm tín dụng,Giải quyết nhu cầu tiền mặt gấp mà không cần tài sản đảm bảo,86%,Tư vấn gói Vay tiêu dùng tín chấp với lãi suất ưu đãi cố định năm đầu.
CUST_0043,Vũ Minh Phong,DIAMOND,Đầu tư,Chứng chỉ quỹ mở,VPBank Financial,"1,000,000 VND",Phí quản lý quỹ,"Đầu tư đa dạng với số vốn nhỏ, do chuyên gia quản lý",84%,"Gói Chứng chỉ quỹ mở: Đầu tư đa dạng với số vốn nhỏ, do chuyên gia quản lý"
CUST_0120,Bùi Tuấn Thảo,DIAMOND,Doanh nghiệp,Gói tài khoản chi lương doanh nghiệp,VPBank Financial,0 VND,Theo gói dịch vụ,"Chi lương tự động, nhân viên được miễn phí dịch vụ và ưu đãi vay",96%,"Gói Gói tài khoản chi lương doanh nghiệp: Chi lương tự động, nhân viên được miễn phí dịch vụ và ưu đãi vay"
CUST_0120,Bùi Tuấn Thảo,DIAMOND,Thẻ,Thẻ ghi nợ quốc tế,VPBank Financial,0 VND,Phí phát hành + thường niên,"Thanh toán online và mua sắm nước ngoài an toàn, không cần mang tiền mặt",95%,Khách có dòng tiền ổn định. Gợi ý mở Thẻ ghi nợ quốc tế hoàn tiền chi tiêu lên đến 45 ngày miễn lãi.
CUST_0120,Bùi Tuấn Thảo,DIAMOND,Vay,Vay tiêu dùng tín chấp,VPBank Financial,"10,000,000 VND",Theo hồ sơ và điểm tín dụng,Giải quyết nhu cầu tiền mặt gấp mà không cần tài sản đảm bảo,92%,Tư vấn gói Vay tiêu dùng tín chấp với lãi suất ưu đãi cố định năm đầu.
CUST_0120,Bùi Tuấn Thảo,DIAMOND,Phân khúc,Nâng hạng VPBank Diamond / Prime,VPBank Financial,0 VND,Theo điều kiện duy trì,"Quầy riêng không phải xếp hàng, RM chăm sóc riêng, lãi suất và tỷ giá ưu đãi",89%,"Gói Nâng hạng VPBank Diamond / Prime: Quầy riêng không phải xếp hàng, RM chăm sóc riêng, lãi suất và tỷ giá ưu đãi"
CUST_0120,Bùi Tuấn Thảo,DIAMOND,Đầu tư,Chứng chỉ quỹ mở,VPBank Financial,"1,000,000 VND",Phí quản lý quỹ,"Đầu tư đa dạng với số vốn nhỏ, do chuyên gia quản lý",84%,"Gói Chứng chỉ quỹ mở: Đầu tư đa dạng với số vốn nhỏ, do chuyên gia quản lý"
CUST_0082,Lê Hữu Khánh,MASS,Doanh nghiệp,Gói tài khoản chi lương doanh nghiệp,VPBank Financial,0 VND,Theo gói dịch vụ,"Chi lương tự động, nhân viên được miễn phí dịch vụ và ưu đãi vay",98%,"Gói Gói tài khoản chi lương doanh nghiệp: Chi lương tự động, nhân viên được miễn phí dịch vụ và ưu đãi vay"
CUST_0082,Lê Hữu Khánh,MASS,Thẻ,Thẻ ghi nợ quốc tế,VPBank Financial,0 VND,Phí phát hành + thường niên,"Thanh toán online và mua sắm nước ngoài an toàn, không cần mang tiền mặt",92%,Khách có dòng tiền ổn định. Gợi ý mở Thẻ ghi nợ quốc tế hoàn tiền chi tiêu lên đến 45 ngày miễn lãi.
CUST_0082,Lê Hữu Khánh,MASS,Phân khúc,Nâng hạng VPBank Diamond / Prime,VPBank Financial,0 VND,Theo điều kiện duy trì,"Quầy riêng không phải xếp hàng, RM chăm sóc riêng, lãi suất và tỷ giá ưu đãi",90%,"Gói Nâng hạng VPBank Diamond / Prime: Quầy riêng không phải xếp hàng, RM chăm sóc riêng, lãi suất và tỷ giá ưu đãi"
CUST_0082,Lê Hữu Khánh,MASS,Đầu tư,Chứng chỉ quỹ mở,VPBank Financial,"1,000,000 VND",Phí quản lý quỹ,"Đầu tư đa dạng với số vốn nhỏ, do chuyên gia quản lý",89%,"Gói Chứng chỉ quỹ mở: Đầu tư đa dạng với số vốn nhỏ, do chuyên gia quản lý"
CUST_0082,Lê Hữu Khánh,MASS,Vay,Vay tiêu dùng tín chấp,VPBank Financial,"10,000,000 VND",Theo hồ sơ và điểm tín dụng,Giải quyết nhu cầu tiền mặt gấp mà không cần tài sản đảm bảo,83%,Tư vấn gói Vay tiêu dùng tín chấp với lãi suất ưu đãi cố định năm đầu.
CUST_0048,Võ Quang Cường,MASS,Doanh nghiệp,Gói tài khoản chi lương doanh nghiệp,VPBank Financial,0 VND,Theo gói dịch vụ,"Chi lương tự động, nhân viên được miễn phí dịch vụ và ưu đãi vay",98%,"Gói Gói tài khoản chi lương doanh nghiệp: Chi lương tự động, nhân viên được miễn phí dịch vụ và ưu đãi vay"
CUST_0048,Võ Quang Cường,MASS,Thẻ,Thẻ ghi nợ quốc tế,VPBank Financial,0 VND,Phí phát hành + thường niên,"Thanh toán online và mua sắm nước ngoài an toàn, không cần mang tiền mặt",94%,Khách có dòng tiền ổn định. Gợi ý mở Thẻ ghi nợ quốc tế hoàn tiền chi tiêu lên đến 45 ngày miễn lãi.
CUST_0048,Võ Quang Cường,MASS,Phân khúc,Nâng hạng VPBank Diamond / Prime,VPBank Financial,0 VND,Theo điều kiện duy trì,"Quầy riêng không phải xếp hàng, RM chăm sóc riêng, lãi suất và tỷ giá ưu đãi",92%,"Gói Nâng hạng VPBank Diamond / Prime: Quầy riêng không phải xếp hàng, RM chăm sóc riêng, lãi suất và tỷ giá ưu đãi"
CUST_0048,Võ Quang Cường,MASS,Vay,Vay tiêu dùng tín chấp,VPBank Financial,"10,000,000 VND",Theo hồ sơ và điểm tín dụng,Giải quyết nhu cầu tiền mặt gấp mà không cần tài sản đảm bảo,88%,Tư vấn gói Vay tiêu dùng tín chấp với lãi suất ưu đãi cố định năm đầu.
CUST_0048,Võ Quang Cường,MASS,Đầu tư,Chứng chỉ quỹ mở,VPBank Financial,"1,000,000 VND",Phí quản lý quỹ,"Đầu tư đa dạng với số vốn nhỏ, do chuyên gia quản lý",86%,"Gói Chứng chỉ quỹ mở: Đầu tư đa dạng với số vốn nhỏ, do chuyên gia quản lý"
CUST_0086,Đỗ Anh Tuấn,MASS,Doanh nghiệp,Gói tài khoản chi lương doanh nghiệp,VPBank Financial,0 VND,Theo gói dịch vụ,"Chi lương tự động, nhân viên được miễn phí dịch vụ và ưu đãi vay",99%,"Gói Gói tài khoản chi lương doanh nghiệp: Chi lương tự động, nhân viên được miễn phí dịch vụ và ưu đãi vay"
CUST_0086,Đỗ Anh Tuấn,MASS,Thẻ,Thẻ ghi nợ quốc tế,VPBank Financial,0 VND,Phí phát hành + thường niên,"Thanh toán online và mua sắm nước ngoài an toàn, không cần mang tiền mặt",95%,Khách có dòng tiền ổn định. Gợi ý mở Thẻ ghi nợ quốc tế hoàn tiền chi tiêu lên đến 45 ngày miễn lãi.
CUST_0086,Đỗ Anh Tuấn,MASS,Vay,Vay tiêu dùng tín chấp,VPBank Financial,"10,000,000 VND",Theo hồ sơ và điểm tín dụng,Giải quyết nhu cầu tiền mặt gấp mà không cần tài sản đảm bảo,90%,Tư vấn gói Vay tiêu dùng tín chấp với lãi suất ưu đãi cố định năm đầu.
CUST_0086,Đỗ Anh Tuấn,MASS,Phân khúc,Nâng hạng VPBank Diamond / Prime,VPBank Financial,0 VND,Theo điều kiện duy trì,"Quầy riêng không phải xếp hàng, RM chăm sóc riêng, lãi suất và tỷ giá ưu đãi",87%,"Gói Nâng hạng VPBank Diamond / Prime: Quầy riêng không phải xếp hàng, RM chăm sóc riêng, lãi suất và tỷ giá ưu đãi"
CUST_0086,Đỗ Anh Tuấn,MASS,Đầu tư,Chứng chỉ quỹ mở,VPBank Financial,"1,000,000 VND",Phí quản lý quỹ,"Đầu tư đa dạng với số vốn nhỏ, do chuyên gia quản lý",85%,"Gói Chứng chỉ quỹ mở: Đầu tư đa dạng với số vốn nhỏ, do chuyên gia quản lý"
CUST_0060,Vũ Kim Nga,MASS,Doanh nghiệp,Gói tài khoản chi lương doanh nghiệp,VPBank Financial,0 VND,Theo gói dịch vụ,"Chi lương tự động, nhân viên được miễn phí dịch vụ và ưu đãi vay",96%,"Gói Gói tài khoản chi lương doanh nghiệp: Chi lương tự động, nhân viên được miễn phí dịch vụ và ưu đãi vay"
CUST_0060,Vũ Kim Nga,MASS,Thẻ,Thẻ ghi nợ quốc tế,VPBank Financial,0 VND,Phí phát hành + thường niên,"Thanh toán online và mua sắm nước ngoài an toàn, không cần mang tiền mặt",92%,Khách có dòng tiền ổn định. Gợi ý mở Thẻ ghi nợ quốc tế hoàn tiền chi tiêu lên đến 45 ngày miễn lãi.
CUST_0060,Vũ Kim Nga,MASS,Phân khúc,Nâng hạng VPBank Diamond / Prime,VPBank Financial,0 VND,Theo điều kiện duy trì,"Quầy riêng không phải xếp hàng, RM chăm sóc riêng, lãi suất và tỷ giá ưu đãi",93%,"Gói Nâng hạng VPBank Diamond / Prime: Quầy riêng không phải xếp hàng, RM chăm sóc riêng, lãi suất và tỷ giá ưu đãi"
CUST_0060,Vũ Kim Nga,MASS,Vay,Vay tiêu dùng tín chấp,VPBank Financial,"10,000,000 VND",Theo hồ sơ và điểm tín dụng,Giải quyết nhu cầu tiền mặt gấp mà không cần tài sản đảm bảo,90%,Tư vấn gói Vay tiêu dùng tín chấp với lãi suất ưu đãi cố định năm đầu.
CUST_0060,Vũ Kim Nga,MASS,Đầu tư,Chứng chỉ quỹ mở,VPBank Financial,"1,000,000 VND",Phí quản lý quỹ,"Đầu tư đa dạng với số vốn nhỏ, do chuyên gia quản lý",83%,"Gói Chứng chỉ quỹ mở: Đầu tư đa dạng với số vốn nhỏ, do chuyên gia quản lý"
CUST_0080,Phan Thị Nam,DIAMOND,Doanh nghiệp,Gói tài khoản chi lương doanh nghiệp,VPBank Financial,0 VND,Theo gói dịch vụ,"Chi lương tự động, nhân viên được miễn phí dịch vụ và ưu đãi vay",97%,"Gói Gói tài khoản chi lương doanh nghiệp: Chi lương tự động, nhân viên được miễn phí dịch vụ và ưu đãi vay"
CUST_0080,Phan Thị Nam,DIAMOND,Thẻ,Thẻ ghi nợ quốc tế,VPBank Financial,0 VND,Phí phát hành + thường niên,"Thanh toán online và mua sắm nước ngoài an toàn, không cần mang tiền mặt",92%,Khách có dòng tiền ổn định. Gợi ý mở Thẻ ghi nợ quốc tế hoàn tiền chi tiêu lên đến 45 ngày miễn lãi.
CUST_0080,Phan Thị Nam,DIAMOND,Phân khúc,Nâng hạng VPBank Diamond / Prime,VPBank Financial,0 VND,Theo điều kiện duy trì,"Quầy riêng không phải xếp hàng, RM chăm sóc riêng, lãi suất và tỷ giá ưu đãi",89%,"Gói Nâng hạng VPBank Diamond / Prime: Quầy riêng không phải xếp hàng, RM chăm sóc riêng, lãi suất và tỷ giá ưu đãi"
CUST_0080,Phan Thị Nam,DIAMOND,Vay,Vay tiêu dùng tín chấp,VPBank Financial,"10,000,000 VND",Theo hồ sơ và điểm tín dụng,Giải quyết nhu cầu tiền mặt gấp mà không cần tài sản đảm bảo,90%,Tư vấn gói Vay tiêu dùng tín chấp với lãi suất ưu đãi cố định năm đầu.
CUST_0080,Phan Thị Nam,DIAMOND,Đầu tư,Chứng chỉ quỹ mở,VPBank Financial,"1,000,000 VND",Phí quản lý quỹ,"Đầu tư đa dạng với số vốn nhỏ, do chuyên gia quản lý",86%,"Gói Chứng chỉ quỹ mở: Đầu tư đa dạng với số vốn nhỏ, do chuyên gia quản lý"
CUST_0070,Nguyễn Quang Hùng,PRIME,Doanh nghiệp,Gói tài khoản chi lương doanh nghiệp,VPBank Financial,0 VND,Theo gói dịch vụ,"Chi lương tự động, nhân viên được miễn phí dịch vụ và ưu đãi vay",99%,"Gói Gói tài khoản chi lương doanh nghiệp: Chi lương tự động, nhân viên được miễn phí dịch vụ và ưu đãi vay"
CUST_0070,Nguyễn Quang Hùng,PRIME,Thẻ,Thẻ ghi nợ quốc tế,VPBank Financial,0 VND,Phí phát hành + thường niên,"Thanh toán online và mua sắm nước ngoài an toàn, không cần mang tiền mặt",96%,Khách có dòng tiền ổn định. Gợi ý mở Thẻ ghi nợ quốc tế hoàn tiền chi tiêu lên đến 45 ngày miễn lãi.
CUST_0070,Nguyễn Quang Hùng,PRIME,Vay,Vay tiêu dùng tín chấp,VPBank Financial,"10,000,000 VND",Theo hồ sơ và điểm tín dụng,Giải quyết nhu cầu tiền mặt gấp mà không cần tài sản đảm bảo,90%,Tư vấn gói Vay tiêu dùng tín chấp với lãi suất ưu đãi cố định năm đầu.
CUST_0070,Nguyễn Quang Hùng,PRIME,Phân khúc,Nâng hạng VPBank Diamond / Prime,VPBank Financial,0 VND,Theo điều kiện duy trì,"Quầy riêng không phải xếp hàng, RM chăm sóc riêng, lãi suất và tỷ giá ưu đãi",86%,"Gói Nâng hạng VPBank Diamond / Prime: Quầy riêng không phải xếp hàng, RM chăm sóc riêng, lãi suất và tỷ giá ưu đãi"
CUST_0070,Nguyễn Quang Hùng,PRIME,Đầu tư,Chứng chỉ quỹ mở,VPBank Financial,"1,000,000 VND",Phí quản lý quỹ,"Đầu tư đa dạng với số vốn nhỏ, do chuyên gia quản lý",87%,"Gói Chứng chỉ quỹ mở: Đầu tư đa dạng với số vốn nhỏ, do chuyên gia quản lý"
CUST_0011,Trần Thị Việt,MASS,Doanh nghiệp,Gói tài khoản chi lương doanh nghiệp,VPBank Financial,0 VND,Theo gói dịch vụ,"Chi lương tự động, nhân viên được miễn phí dịch vụ và ưu đãi vay",95%,"Gói Gói tài khoản chi lương doanh nghiệp: Chi lương tự động, nhân viên được miễn phí dịch vụ và ưu đãi vay"
CUST_0011,Trần Thị Việt,MASS,Thẻ,Thẻ ghi nợ quốc tế,VPBank Financial,0 VND,Phí phát hành + thường niên,"Thanh toán online và mua sắm nước ngoài an toàn, không cần mang tiền mặt",93%,Khách có dòng tiền ổn định. Gợi ý mở Thẻ ghi nợ quốc tế hoàn tiền chi tiêu lên đến 45 ngày miễn lãi.
CUST_0011,Trần Thị Việt,MASS,Phân khúc,Nâng hạng VPBank Diamond / Prime,VPBank Financial,0 VND,Theo điều kiện duy trì,"Quầy riêng không phải xếp hàng, RM chăm sóc riêng, lãi suất và tỷ giá ưu đãi",89%,"Gói Nâng hạng VPBank Diamond / Prime: Quầy riêng không phải xếp hàng, RM chăm sóc riêng, lãi suất và tỷ giá ưu đãi"
CUST_0011,Trần Thị Việt,MASS,Vay,Vay tiêu dùng tín chấp,VPBank Financial,"10,000,000 VND",Theo hồ sơ và điểm tín dụng,Giải quyết nhu cầu tiền mặt gấp mà không cần tài sản đảm bảo,90%,Tư vấn gói Vay tiêu dùng tín chấp với lãi suất ưu đãi cố định năm đầu.
CUST_0011,Trần Thị Việt,MASS,Đầu tư,Chứng chỉ quỹ mở,VPBank Financial,"1,000,000 VND",Phí quản lý quỹ,"Đầu tư đa dạng với số vốn nhỏ, do chuyên gia quản lý",83%,"Gói Chứng chỉ quỹ mở: Đầu tư đa dạng với số vốn nhỏ, do chuyên gia quản lý"
