customer_id,product_id,rating,amount,user_idx,item_idx,graph_norm_weight
1,SP001,4.5,447107033.0,0,0,0.03241018617760822
1,SP004,4.138259329853826,136523440.0,0,3,0.03241018617760822
1,SP005,5.0,6987287.0,0,4,0.10660035817780521
1,SP006,5.0,42536507.0,0,5,0.08333333333333333
1,SP008,4.5,258657182.0,0,7,0.03386427307392982
1,SP013,4.209171781345213,14714029.0,0,12,0.036084391824351615
1,SP021,4.306040459378941,170384932.0,0,20,0.03227486121839514
1,SP024,4.146199906109527,34362014.0,0,23,0.033113308926626096
2,SP001,4.5,542334321.0,1,0,0.03241018617760822
2,SP004,4.051449793883671,25773555.0,1,3,0.03241018617760822
2,SP008,4.5,195231412.0,1,7,0.03386427307392982
2,SP013,3.956439810884851,33252993.0,1,12,0.036084391824351615
2,SP015,5.0,7018824.0,1,14,0.11180339887498948
2,SP021,4.291704290320292,99613985.0,1,20,0.03227486121839514
2,SP024,3.3872898338698154,214805.0,1,23,0.033113308926626096
2,SP025,3.9670944986258085,4236902.0,1,24,0.03241018617760822
3,SP001,4.5,107988722.0,2,0,0.030556616567607043
3,SP004,4.21665335968984,98050621.0,2,3,0.030556616567607043
3,SP005,5.0,14867328.0,2,4,0.10050378152592121
3,SP008,4.5,552003636.0,2,7,0.031927542840705044
3,SP013,4.0713847101000376,7244062.0,2,12,0.034020690871988585
3,SP018,4.098572279540424,8331170.0,2,17,0.036369648372665396
3,SP021,4.194878795542765,97363060.0,2,20,0.03042903097250923
3,SP024,4.065389104142307,47590735.0,2,23,0.031219527052723135
3,SP025,4.184490119750695,52818415.0,2,24,0.030556616567607043
4,SP001,4.5,1083009242.0,3,0,0.030556616567607043
4,SP004,4.0094471830250935,27074466.0,3,3,0.030556616567607043
4,SP008,4.4781864465562915,179629527.0,3,7,0.031927542840705044
4,SP012,5.0,521860652.0,3,11,0.09622504486493763
4,SP013,4.126331559250511,20164108.0,3,12,0.034020690871988585
4,SP018,4.428665447917652,146386997.0,3,17,0.036369648372665396
4,SP021,4.3343436338372054,194701180.0,3,20,0.03042903097250923
4,SP024,3.985290159529466,23006962.0,3,23,0.031219527052723135
4,SP025,4.11068161375468,23842572.0,3,24,0.030556616567607043
5,SP001,4.5,295761691.0,4,0,0.03241018617760822
5,SP003,5.0,192912281.0,4,2,0.0944911182523068
5,SP004,4.148918698606963,48374605.0,4,3,0.03241018617760822
5,SP008,4.5,356716225.0,4,7,0.03386427307392982
5,SP013,4.023037435091889,21175517.0,4,12,0.036084391824351615
5,SP021,4.424186459420685,225335545.0,4,20,0.03227486121839514
5,SP024,4.18654570461408,13097727.0,4,23,0.033113308926626096
5,SP025,4.061261682260142,29981344.0,4,24,0.03241018617760822
6,SP001,4.495361359076545,510600231.0,5,0,0.03464794643376185
6,SP004,4.181857878528745,53803249.0,5,3,0.03464794643376185
6,SP008,4.410131916325618,393804914.0,5,7,0.03620243071279983
6,SP009,5.0,291519815.0,5,8,0.10482848367219183
6,SP021,4.338787689681057,281077781.0,5,20,0.03450327796711771
6,SP024,4.243950970845935,17595898.0,5,23,0.03539961627023943
6,SP025,4.196519875722232,43454660.0,5,24,0.03464794643376185
7,SP001,4.5,485872975.0,6,0,0.03464794643376185
7,SP004,4.025485121300593,47678839.0,6,3,0.03464794643376185
7,SP008,4.455109389099431,353446792.0,6,7,0.03620243071279983
7,SP021,4.348059380613746,304962619.0,6,20,0.03450327796711771
7,SP023,5.0,13330089.0,6,22,0.08247860988423225
7,SP024,4.169118137535166,80089554.0,6,23,0.03539961627023943
7,SP025,4.104367154335003,39132532.0,6,24,0.03464794643376185
8,SP001,4.488488363812602,622999906.0,7,0,0.03742405942825599
8,SP004,4.182204920911807,40323371.0,7,3,0.03742405942825599
8,SP018,5.0,18643878.0,7,17,0.0445435403187374
8,SP021,4.225591295603169,112831777.0,7,20,0.037267799624996496
8,SP024,4.063959723522468,62680467.0,7,23,0.038235955645093626
8,SP025,4.031931721667491,23767814.0,7,24,0.03742405942825599
9,SP001,4.45371373334278,632085973.0,8,0,0.030556616567607043
9,SP004,4.198910214295409,91084983.0,8,3,0.030556616567607043
9,SP013,4.01816885998558,16603985.0,8,12,0.034020690871988585
9,SP015,5.0,11604856.0,8,14,0.10540925533894598
9,SP018,4.3058336991713295,24189529.0,8,17,0.036369648372665396
9,SP019,5.0,10333504.0,8,18,0.10540925533894598
9,SP021,3.9402581473746956,20067530.0,8,20,0.03042903097250923
9,SP024,3.9081152209462333,7334325.0,8,23,0.031219527052723135
9,SP025,4.193398671051964,13567572.0,8,24,0.030556616567607043
10,SP001,4.5,451904116.0,9,0,0.03241018617760822
10,SP004,4.188908467684136,27615841.0,9,3,0.03241018617760822
10,SP008,4.439748375250941,325996437.0,9,7,0.03386427307392982
10,SP013,4.1531796476973994,25420468.0,9,12,0.036084391824351615
10,SP018,4.520929255367194,62652059.0,9,17,0.03857583749052298
10,SP021,4.027595552804433,45975760.0,9,20,0.03227486121839514
10,SP024,4.264459896194139,19553226.0,9,23,0.033113308926626096
10,SP025,3.909198075718908,20307352.0,9,24,0.03241018617760822
11,SP001,4.4180887101815856,256057111.0,10,0,0.030556616567607043
11,SP002,5.0,252356993.0,10,1,0.10540925533894598
11,SP004,4.163504440184606,39817490.0,10,3,0.030556616567607043
11,SP008,4.5,444805364.0,10,7,0.031927542840705044
11,SP013,4.163194151399612,26308545.0,10,12,0.034020690871988585
11,SP019,5.0,6194330.0,10,18,0.10540925533894598
11,SP021,4.245020186480675,241766416.0,10,20,0.03042903097250923
11,SP024,4.193137503754841,13549361.0,10,23,0.031219527052723135
11,SP025,4.176060911135422,38008752.0,10,24,0.030556616567607043
12,SP001,4.445539957502076,790105942.0,11,0,0.030556616567607043
12,SP004,4.243827932105547,53371108.0,11,3,0.030556616567607043
12,SP006,5.0,18072703.0,11,5,0.07856742013183861
12,SP008,4.47851809036662,336265226.0,11,7,0.031927542840705044
12,SP013,3.955787534036221,14486695.0,11,12,0.034020690871988585
12,SP016,5.0,23947905.0,11,15,0.10050378152592121
12,SP021,4.324158412082968,332201236.0,11,20,0.03042903097250923
12,SP024,4.27047936216299,105938121.0,11,23,0.031219527052723135
12,SP025,4.442390188887451,41137554.0,11,24,0.030556616567607043
13,SP001,4.4794070146316916,818333108.0,12,0,0.030556616567607043
13,SP003,5.0,343687510.0,12,2,0.0890870806374748
13,SP004,4.4126716901472465,61319835.0,12,3,0.030556616567607043
13,SP007,5.0,22633623.0,12,6,0.08606629658238704
13,SP008,4.5,89922821.0,12,7,0.031927542840705044
13,SP013,4.3216127793194055,41281471.0,12,12,0.034020690871988585
13,SP021,4.118910071514487,50423291.0,12,20,0.03042903097250923
13,SP024,4.179872706844371,65344495.0,12,23,0.031219527052723135
13,SP025,4.160806998103351,23294719.0,12,24,0.030556616567607043
14,SP001,4.75,535165864.0,13,0,0.030556616567607043
14,SP004,4.134004955412432,50820669.0,13,3,0.030556616567607043
14,SP008,4.666666666666667,1374604309.0,13,7,0.031927542840705044
14,SP014,5.0,9640797.0,13,13,0.1111111111111111
14,SP017,5.0,24057936.0,13,16,0.09622504486493763
14,SP018,4.438246858149105,261793057.0,13,17,0.036369648372665396
14,SP021,4.24458920314963,81467409.0,13,20,0.03042903097250923
14,SP024,3.998921417366862,32105239.0,13,23,0.031219527052723135
14,SP025,3.9111386507377475,29477110.0,13,24,0.030556616567607043
15,SP001,4.75,748140631.0,14,0,0.030556616567607043
15,SP004,4.019267600311123,34728383.0,14,3,0.030556616567607043
15,SP008,4.44929470691268,938519091.0,14,7,0.031927542840705044
15,SP013,4.176185519306487,39747857.0,14,12,0.034020690871988585
15,SP018,4.4681023812033525,55725872.0,14,17,0.036369648372665396
15,SP021,3.9645972032953876,21569370.0,14,20,0.03042903097250923
15,SP023,5.0,22892856.0,14,22,0.07273929674533079
15,SP024,4.217589707622824,61103278.0,14,23,0.031219527052723135
15,SP025,4.219502033884399,78705394.0,14,24,0.030556616567607043
16,SP001,4.432146618343802,936471017.0,15,0,0.028988551782622423
16,SP004,3.9800212532148347,30952380.0,15,3,0.028988551782622423
16,SP006,5.0,6751848.0,15,5,0.07453559924999299
16,SP008,5.0,847825354.0,15,7,0.030289126640769135
16,SP009,5.0,873431837.0,15,8,0.08770580193070293
16,SP013,3.8608115229470483,17795931.0,15,12,0.03227486121839514
16,SP018,4.5,87344917.0,15,17,0.03450327796711771
16,SP021,4.34178985720658,251964205.0,15,20,0.028867513459481284
16,SP024,3.9494179519869377,17397955.0,15,23,0.029617443887954616
16,SP025,4.09160230179914,88033221.0,15,24,0.028988551782622423
17,SP001,4.481217489312587,363352327.0,16,0,0.03464794643376185
17,SP004,4.109978859015845,43375230.0,16,3,0.03464794643376185
17,SP008,4.5,208158059.0,16,7,0.03620243071279983
17,SP018,5.0,10913893.0,16,17,0.041239304942116126
17,SP021,4.357305309253459,298709808.0,16,20,0.03450327796711771
17,SP024,4.069007178662924,15710973.0,16,23,0.03539961627023943
17,SP025,4.07516393882121,51995430.0,16,24,0.03464794643376185
18,SP001,4.442071965365906,1203170635.0,17,0,0.028988551782622423
18,SP004,4.137311798232598,65172297.0,17,3,0.028988551782622423
18,SP006,5.0,46895449.0,17,5,0.07453559924999299
18,SP008,4.478593416097306,416431922.0,17,7,0.030289126640769135
18,SP013,4.176788650947253,78370737.0,17,12,0.03227486121839514
18,SP018,4.652806820153121,123678007.0,17,17,0.03450327796711771
18,SP019,5.0,10649449.0,17,18,0.1
18,SP021,4.192872170510614,224450975.0,17,20,0.028867513459481284
18,SP024,3.9768295725037155,26477387.0,17,23,0.029617443887954616
18,SP025,4.534662335683586,23101730.0,17,24,0.028988551782622423
19,SP001,4.5,926873113.0,18,0,0.03241018617760822
19,SP004,4.0065624039390215,10380815.0,18,3,0.03241018617760822
19,SP008,4.434445957218603,509875286.0,18,7,0.03386427307392982
19,SP013,4.0532772161620425,6599922.0,18,12,0.036084391824351615
19,SP018,4.049977785218929,6488876.0,18,17,0.03857583749052298
19,SP021,4.386187613599832,79056960.0,18,20,0.03227486121839514
19,SP024,3.877997786672948,19740549.0,18,23,0.033113308926626096
19,SP025,3.8230242467775692,19563608.0,18,24,0.03241018617760822
20,SP001,4.5,599353774.0,19,0,0.030556616567607043
20,SP004,4.132960854622333,71375573.0,19,3,0.030556616567607043
20,SP006,5.0,39155238.0,19,5,0.07856742013183861
20,SP008,4.5,344147730.0,19,7,0.031927542840705044
20,SP013,4.083097528444998,15401421.0,19,12,0.034020690871988585
20,SP018,4.5,85494995.0,19,17,0.036369648372665396
20,SP021,4.119738593408025,115704199.0,19,20,0.03042903097250923
20,SP024,4.141822549815364,57824098.0,19,23,0.031219527052723135
20,SP025,4.216274688318856,15261459.0,19,24,0.030556616567607043
21,SP001,4.5,167383362.0,20,0,0.03241018617760822
21,SP004,4.020841457639904,27349592.0,20,3,0.03241018617760822
21,SP013,4.097836515365806,8299705.0,20,12,0.036084391824351615
21,SP018,5.0,11712209.0,20,17,0.03857583749052298
21,SP021,4.276283793728866,206832334.0,20,20,0.03227486121839514
21,SP022,5.0,7843409.0,20,21,0.1336306209562122
21,SP024,3.998779794778189,40150711.0,20,23,0.033113308926626096
21,SP025,3.905884272945009,39259857.0,20,24,0.03241018617760822
22,SP001,4.423475580236823,626549505.0,21,0,0.027639499641139105
22,SP004,4.124634481393978,65052264.0,21,3,0.027639499641139105
22,SP005,5.0,18897549.0,21,4,0.09090909090909091
22,SP006,5.0,7325092.0,21,5,0.07106690545187015
22,SP007,5.0,27548955.0,21,6,0.0778498944161523
22,SP008,4.370093094551224,461053993.0,21,7,0.02887954911289539
22,SP013,4.187479634827852,28203059.0,21,12,0.03077287274483318
22,SP014,5.0,22252809.0,21,13,0.10050378152592121
22,SP021,4.150970318925503,101076757.0,21,20,0.027524094128159017
22,SP024,4.11898144385807,9253162.0,21,23,0.02823912473624525
22,SP025,4.094684170693627,40293308.0,21,24,0.027639499641139105
23,SP001,4.5,397416926.0,22,0,0.030556616567607043
23,SP004,4.059901893069268,40036713.0,22,3,0.030556616567607043
23,SP008,4.46441079406274,54677879.0,22,7,0.031927542840705044
23,SP013,3.823874281585435,2028448.0,22,12,0.034020690871988585
23,SP018,4.496259227946641,64408858.0,22,17,0.036369648372665396
23,SP021,4.393732830884789,220378314.0,22,20,0.03042903097250923
23,SP023,5.0,5243135.0,22,22,0.07273929674533079
23,SP024,4.0254594625669275,22144237.0,22,23,0.031219527052723135
23,SP025,4.131899420439324,68778218.0,22,24,0.030556616567607043
24,SP001,4.4792249182991455,1208058727.0,23,0,0.030556616567607043
24,SP004,4.280446574865576,124705513.0,23,3,0.030556616567607043
24,SP007,5.0,33878048.0,23,6,0.08606629658238704
24,SP008,4.5,377114010.0,23,7,0.031927542840705044
24,SP013,4.299809716714868,38260557.0,23,12,0.034020690871988585
24,SP018,4.5,88508037.0,23,17,0.036369648372665396
24,SP020,5.0,6442222.0,23,19,0.11785113019775793
24,SP021,4.1417731984356045,143949138.0,23,20,0.03042903097250923
24,SP025,4.068846106464963,74751049.0,23,24,0.030556616567607043
25,SP001,4.5,1095562082.0,24,0,0.03241018617760822
25,SP004,4.155201537200225,63669264.0,24,3,0.03241018617760822
25,SP007,5.0,16892432.0,24,6,0.09128709291752768
25,SP008,4.489359638744967,609112116.0,24,7,0.03386427307392982
25,SP013,4.157190596980969,11262398.0,24,12,0.036084391824351615
25,SP021,4.2051268115243845,85760501.0,24,20,0.03227486121839514
25,SP024,4.155813150968628,11182897.0,24,23,0.033113308926626096
25,SP025,4.07016955986029,21755466.0,24,24,0.03241018617760822
26,SP001,4.6182933874992145,967594063.0,25,0,0.030556616567607043
26,SP004,4.174187672587016,63756939.0,25,3,0.030556616567607043
26,SP008,4.720127426198772,679935444.0,25,7,0.031927542840705044
26,SP013,4.255498569440339,18672530.0,25,12,0.034020690871988585
26,SP014,5.0,17200148.0,25,13,0.1111111111111111
26,SP017,5.0,10421925.0,25,16,0.09622504486493763
26,SP021,4.173401051068934,186704468.0,25,20,0.03042903097250923
26,SP024,4.039276437165876,38476234.0,25,23,0.031219527052723135
26,SP025,4.2470179475786844,53642562.0,25,24,0.030556616567607043
27,SP001,4.480959446864082,894793781.0,26,0,0.028988551782622423
27,SP004,4.04896697796786,40828903.0,26,3,0.028988551782622423
27,SP006,5.0,48965313.0,26,5,0.07453559924999299
27,SP008,4.5,848798849.0,26,7,0.030289126640769135
27,SP010,5.0,57903945.0,26,9,0.1
27,SP014,5.0,11540893.0,26,13,0.10540925533894598
27,SP018,4.479692139397446,59148368.0,26,17,0.03450327796711771
27,SP021,4.172603488067251,87872384.0,26,20,0.028867513459481284
27,SP024,4.109627787924068,39630465.0,26,23,0.029617443887954616
27,SP025,4.11997574552345,68908426.0,26,24,0.028988551782622423
28,SP001,4.426706957689666,807113238.0,27,0,0.028988551782622423
28,SP003,5.0,190333199.0,27,2,0.08451542547285165
28,SP004,4.034034149915795,26641251.0,27,3,0.028988551782622423
28,SP006,5.0,31869310.0,27,5,0.07453559924999299
28,SP008,4.5,260068519.0,27,7,0.030289126640769135
28,SP020,5.0,11660697.0,27,19,0.11180339887498948
28,SP021,4.240797562564895,214875005.0,27,20,0.028867513459481284
28,SP023,5.0,6622984.0,27,22,0.06900655593423542
28,SP024,4.006306511995755,39314593.0,27,23,0.029617443887954616
28,SP025,4.080935437806338,65338668.0,27,24,0.028988551782622423
29,SP001,4.5,1027091679.0,28,0,0.030556616567607043
29,SP002,5.0,322518665.0,28,1,0.10540925533894598
29,SP004,4.050377256555737,29948031.0,28,3,0.030556616567607043
29,SP008,4.5,360919404.0,28,7,0.031927542840705044
29,SP013,3.9355256344830236,3601960.0,28,12,0.034020690871988585
29,SP021,4.28024304389914,139943249.0,28,20,0.03042903097250923
29,SP023,5.0,18329261.0,28,22,0.07273929674533079
29,SP024,4.1607048433827405,62196995.0,28,23,0.031219527052723135
29,SP025,4.05238900681768,34597710.0,28,24,0.030556616567607043
30,SP001,4.583333333333333,1050037003.0,29,0,0.03241018617760822
30,SP004,4.031520783922248,61899087.0,29,3,0.03241018617760822
30,SP012,5.0,945404742.0,29,11,0.10206207261596577
30,SP017,5.0,13193421.0,29,16,0.10206207261596577
30,SP018,4.245547810429356,47239893.0,29,17,0.03857583749052298
30,SP021,4.264290207989617,94559426.0,29,20,0.03227486121839514
30,SP024,4.179257633430054,58240657.0,29,23,0.033113308926626096
30,SP025,4.188350330824187,13219852.0,29,24,0.03241018617760822
31,SP001,4.5,111122390.0,30,0,0.030556616567607043
31,SP004,3.9673653876141493,18256115.0,30,3,0.030556616567607043
31,SP006,5.0,14722705.0,30,5,0.07856742013183861
31,SP008,4.5,660135953.0,30,7,0.031927542840705044
31,SP013,3.9785456212101415,23960322.0,30,12,0.034020690871988585
31,SP018,4.206519998546458,14514725.0,30,17,0.036369648372665396
31,SP021,4.728595342890976,76741113.0,30,20,0.03042903097250923
31,SP024,4.118808859955663,41109954.0,30,23,0.031219527052723135
31,SP025,4.227101114602171,32950832.0,30,24,0.030556616567607043
32,SP001,4.5,574184165.0,31,0,0.028988551782622423
32,SP004,4.111442381434266,55542217.0,31,3,0.028988551782622423
32,SP008,5.0,514907627.0,31,7,0.030289126640769135
32,SP012,5.0,735832766.0,31,11,0.09128709291752768
32,SP013,4.138904757145525,34868529.0,31,12,0.03227486121839514
32,SP018,4.474132412124951,195845047.0,31,17,0.03450327796711771
32,SP021,4.271982552770167,121826293.0,31,20,0.028867513459481284
32,SP022,5.0,8207308.0,31,21,0.11952286093343936
32,SP024,4.111634604046732,67884665.0,31,23,0.029617443887954616
32,SP025,4.439140606000426,31085880.0,31,24,0.028988551782622423
33,SP001,4.5,831576068.0,32,0,0.027639499641139105
33,SP004,3.8009881278831275,3608579.0,32,3,0.027639499641139105
33,SP007,5.0,30059530.0,32,6,0.0778498944161523
33,SP008,4.666666666666667,507381734.0,32,7,0.02887954911289539
33,SP013,4.108943407404806,17645917.0,32,12,0.03077287274483318
33,SP018,4.5,80102600.0,32,17,0.03289758474798845
33,SP021,4.122113927863244,52490398.0,32,20,0.027524094128159017
33,SP022,5.0,12820657.0,32,21,0.11396057645963795
33,SP023,5.0,16438244.0,32,22,0.0657951694959769
33,SP024,4.108430741836342,60686002.0,32,23,0.02823912473624525
33,SP025,4.0324545264014375,37130679.0,32,24,0.027639499641139105
34,SP001,4.295353396210118,76997861.0,33,0,0.028988551782622423
34,SP004,4.461534448198861,56900123.0,33,3,0.028988551782622423
34,SP008,4.5,435782867.0,33,7,0.030289126640769135
34,SP012,5.0,694952839.0,33,11,0.09128709291752768
34,SP013,4.126515282199716,19273811.0,33,12,0.03227486121839514
34,SP016,5.0,5362481.0,33,15,0.09534625892455924
34,SP018,4.378812743822609,70841601.0,33,17,0.03450327796711771
34,SP021,4.189742474195326,58598387.0,33,20,0.028867513459481284
34,SP024,3.988662932426381,10758004.0,33,23,0.029617443887954616
34,SP025,4.0369321526406985,20731372.0,33,24,0.028988551782622423
35,SP001,4.498893292659745,761243907.0,34,0,0.03241018617760822
35,SP004,4.12069835172318,29760423.0,34,3,0.03241018617760822
35,SP008,4.471733596674504,157664399.0,34,7,0.03386427307392982
35,SP010,5.0,813360776.0,34,9,0.11180339887498948
35,SP013,3.7935033898765074,1735122.0,34,12,0.036084391824351615
35,SP021,4.105481678425783,35098302.0,34,20,0.03227486121839514
35,SP024,4.126885937481894,9637069.0,34,23,0.033113308926626096
35,SP025,4.059975034056148,32582343.0,34,24,0.03241018617760822
36,SP001,4.473291732379281,1006645770.0,35,0,0.03241018617760822
36,SP004,4.050037672303353,64260310.0,35,3,0.03241018617760822
36,SP008,4.492204856785794,567306064.0,35,7,0.03386427307392982
36,SP013,4.485358216871592,38925722.0,35,12,0.036084391824351615
36,SP018,4.633432249436026,144092346.0,35,17,0.03857583749052298
36,SP021,4.22305080905568,99136248.0,35,20,0.03227486121839514
36,SP024,4.172897819601367,38454885.0,35,23,0.033113308926626096
36,SP025,4.361767679813528,25552831.0,35,24,0.03241018617760822
37,SP001,4.725855562487263,361818492.0,36,0,0.028988551782622423
37,SP003,5.0,337992295.0,36,2,0.08451542547285165
37,SP004,4.045754259813496,72049054.0,36,3,0.028988551782622423
37,SP007,5.0,14325903.0,36,6,0.08164965809277261
37,SP008,4.5,335901900.0,36,7,0.030289126640769135
37,SP013,4.046790050070705,12832649.0,36,12,0.03227486121839514
37,SP014,5.0,20486054.0,36,13,0.10540925533894598
37,SP021,4.2330266779619095,214071478.0,36,20,0.028867513459481284
37,SP024,3.772844226422885,9100878.0,36,23,0.029617443887954616
37,SP025,4.085490190509778,45573365.0,36,24,0.028988551782622423
38,SP001,4.5,782394331.0,37,0,0.030556616567607043
38,SP004,4.099096491164569,75459823.0,37,3,0.030556616567607043
38,SP008,4.460627774365395,628407460.0,37,7,0.031927542840705044
38,SP013,4.187451442227295,42841228.0,37,12,0.034020690871988585
38,SP018,4.466824972222334,55360979.0,37,17,0.036369648372665396
38,SP019,5.0,10438921.0,37,18,0.10540925533894598
38,SP021,4.257251986608038,161006369.0,37,20,0.03042903097250923
38,SP024,4.108257017806442,46334715.0,37,23,0.031219527052723135
38,SP025,4.335166421242406,42028372.0,37,24,0.030556616567607043
39,SP001,4.428557515005723,440096838.0,38,0,0.03464794643376185
39,SP004,4.1294496044872355,41952683.0,38,3,0.03464794643376185
39,SP008,4.5,266613496.0,38,7,0.03620243071279983
39,SP012,5.0,490790625.0,38,11,0.1091089451179962
39,SP021,4.331479551301184,389220941.0,38,20,0.03450327796711771
39,SP024,4.229866575415615,32896604.0,38,23,0.03539961627023943
39,SP025,3.9430834232948606,33604705.0,38,24,0.03464794643376185
40,SP001,4.625,755863497.0,39,0,0.030556616567607043
40,SP004,4.010796467760477,60864615.0,39,3,0.030556616567607043
40,SP008,4.260315634994466,43637299.0,39,7,0.031927542840705044
40,SP013,4.225703533311168,16019742.0,39,12,0.034020690871988585
40,SP018,4.388182039632112,155712595.0,39,17,0.036369648372665396
40,SP019,5.0,19136757.0,39,18,0.10540925533894598
40,SP021,4.093096101764786,103227354.0,39,20,0.03042903097250923
40,SP024,4.110100993015689,52691665.0,39,23,0.031219527052723135
40,SP025,4.201167950619411,14120658.0,39,24,0.030556616567607043
41,SP001,4.4970196777191775,934907554.0,40,0,0.03241018617760822
41,SP004,4.064817702161014,42897603.0,40,3,0.03241018617760822
41,SP008,4.5,175353945.0,40,7,0.03386427307392982
41,SP013,4.244722898050333,17665891.0,40,12,0.036084391824351615
41,SP018,4.3885528743784175,126098352.0,40,17,0.03857583749052298
41,SP021,4.274112108738399,256325277.0,40,20,0.03227486121839514
41,SP024,4.0788433920999205,34827643.0,40,23,0.033113308926626096
41,SP025,4.407900104306667,50539130.0,40,24,0.03241018617760822
42,SP001,4.5,539060307.0,41,0,0.03241018617760822
42,SP004,3.934220405540755,17464094.0,41,3,0.03241018617760822
42,SP008,4.5,387130836.0,41,7,0.03386427307392982
42,SP013,4.172755109468808,25883555.0,41,12,0.036084391824351615
42,SP015,5.0,14223338.0,41,14,0.11180339887498948
42,SP021,4.314174265171985,206808414.0,41,20,0.03227486121839514
42,SP024,4.435587057756933,41987420.0,41,23,0.033113308926626096
42,SP025,4.499640872728139,50198101.0,41,24,0.03241018617760822
43,SP001,4.5,551415905.0,42,0,0.028988551782622423
43,SP004,4.148812426748172,35962696.0,42,3,0.028988551782622423
43,SP008,4.5,1203098429.0,42,7,0.030289126640769135
43,SP013,4.175430429836699,12370003.0,42,12,0.03227486121839514
43,SP017,5.0,23974888.0,42,16,0.09128709291752768
43,SP018,4.5,66833931.0,42,17,0.03450327796711771
43,SP020,5.0,5382897.0,42,19,0.11180339887498948
43,SP021,4.227512734765938,118813259.0,42,20,0.028867513459481284
43,SP024,4.246314057920918,17811046.0,42,23,0.029617443887954616
43,SP025,4.032849384352288,46893175.0,42,24,0.028988551782622423
44,SP001,4.498820172858814,818032611.0,43,0,0.026462806201248155
44,SP004,4.042902682019203,44866910.0,43,3,0.026462806201248155
44,SP008,4.5,446108952.0,43,7,0.02765006318046655
44,SP009,5.0,706145783.0,43,8,0.08006407690254357
44,SP013,4.117938033359545,47034340.0,43,12,0.029462782549439483
44,SP014,5.0,17326290.0,43,13,0.09622504486493763
44,SP016,5.0,15031514.0,43,15,0.08703882797784893
44,SP018,4.227401074314409,16160210.0,43,17,0.0314970394174356
44,SP020,5.0,18669076.0,43,19,0.10206207261596577
44,SP021,4.179071456700831,26101661.0,43,20,0.026352313834736494
44,SP024,4.022779398390891,36478638.0,43,23,0.02703690352179376
44,SP025,4.081115688545088,7615816.0,43,24,0.026462806201248155
45,SP001,4.480640659359987,386737482.0,44,0,0.027639499641139105
45,SP002,5.0,55914178.0,44,1,0.09534625892455924
45,SP004,4.1137108025055955,67583390.0,44,3,0.027639499641139105
45,SP006,5.0,22351892.0,44,5,0.07106690545187015
45,SP008,4.5,457221730.0,44,7,0.02887954911289539
45,SP013,4.020462664614426,11472187.0,44,12,0.03077287274483318
45,SP018,4.5,76533254.0,44,17,0.03289758474798845
45,SP021,4.266960544204935,132397331.0,44,20,0.027524094128159017
45,SP022,5.0,9215862.0,44,21,0.11396057645963795
45,SP024,4.052158815204301,16570273.0,44,23,0.02823912473624525
45,SP025,4.155410253462399,23237860.0,44,24,0.027639499641139105
46,SP001,4.494430965759844,736834355.0,45,0,0.027639499641139105
46,SP002,5.0,418070832.0,45,1,0.09534625892455924
46,SP004,4.116156510830353,74014331.0,45,3,0.027639499641139105
46,SP006,5.0,11611487.0,45,5,0.07106690545187015
46,SP008,4.5,391673625.0,45,7,0.02887954911289539
46,SP013,4.035572700848638,32473403.0,45,12,0.03077287274483318
46,SP018,4.283473436399208,77844864.0,45,17,0.03289758474798845
46,SP021,4.296295496067649,106517085.0,45,20,0.027524094128159017
46,SP023,5.0,22293178.0,45,22,0.0657951694959769
46,SP024,4.248549076035472,36094907.0,45,23,0.02823912473624525
46,SP025,4.065272104880652,7019878.0,45,24,0.027639499641139105
47,SP001,4.5,169122482.0,46,0,0.028988551782622423
47,SP004,4.350667199587664,102870680.0,46,3,0.028988551782622423
47,SP008,4.5,167453298.0,46,7,0.030289126640769135
47,SP013,3.9918717820526006,18460720.0,46,12,0.03227486121839514
47,SP018,4.289514931157771,22242275.0,46,17,0.03450327796711771
47,SP019,5.0,16485752.0,46,18,0.1
47,SP021,4.340420048515895,269259408.0,46,20,0.028867513459481284
47,SP023,5.0,8984919.0,46,22,0.06900655593423542
47,SP024,4.0819511767864665,22268736.0,46,23,0.029617443887954616
47,SP025,4.040932978620896,6193951.0,46,24,0.028988551782622423
48,SP001,4.5,164228195.0,47,0,0.030556616567607043
48,SP004,4.060834049920586,53339347.0,47,3,0.030556616567607043
48,SP005,5.0,31069151.0,47,4,0.10050378152592121
48,SP010,5.0,268335390.0,47,9,0.10540925533894598
48,SP013,4.178265743397927,38858907.0,47,12,0.034020690871988585
48,SP019,5.0,15202968.0,47,18,0.10540925533894598
48,SP021,4.294385988889602,202414035.0,47,20,0.03042903097250923
48,SP024,3.9722520874162535,8785303.0,47,23,0.031219527052723135
48,SP025,4.065007371421204,65879221.0,47,24,0.030556616567607043
49,SP001,4.556828498233774,720485743.0,48,0,0.03241018617760822
49,SP004,4.332234064587443,67516296.0,48,3,0.03241018617760822
49,SP005,5.0,35274408.0,48,4,0.10660035817780521
49,SP008,4.5,665223892.0,48,7,0.03386427307392982
49,SP018,4.457879347369271,52871737.0,48,17,0.03857583749052298
49,SP021,4.238715438444743,166929457.0,48,20,0.03227486121839514
49,SP024,3.783263380984471,4188756.0,48,23,0.033113308926626096
49,SP025,4.161092997583818,11490712.0,48,24,0.03241018617760822
50,SP001,4.5,839007855.0,49,0,0.030556616567607043
50,SP003,5.0,119619649.0,49,2,0.0890870806374748
50,SP004,4.177321874875504,39958688.0,49,3,0.030556616567607043
50,SP012,5.0,913012824.0,49,11,0.09622504486493763
50,SP013,4.01387055358368,13705933.0,49,12,0.034020690871988585
50,SP018,4.396145213493629,38489254.0,49,17,0.036369648372665396
50,SP021,4.096157127342072,38300211.0,49,20,0.03042903097250923
50,SP024,4.129602800991826,45968056.0,49,23,0.031219527052723135
50,SP025,3.8813497582111323,26561428.0,49,24,0.030556616567607043
51,SP001,4.5,464161154.0,50,0,0.027639499641139105
51,SP004,4.2564740922652815,18766445.0,50,3,0.027639499641139105
51,SP008,4.5,827775253.0,50,7,0.02887954911289539
51,SP010,5.0,573601964.0,50,9,0.09534625892455924
51,SP013,4.070053397387551,16217289.0,50,12,0.03077287274483318
51,SP015,5.0,23567670.0,50,14,0.09534625892455924
51,SP018,4.313916300562818,58968487.0,50,17,0.03289758474798845
51,SP021,4.2882604552324315,118099907.0,50,20,0.027524094128159017
51,SP023,5.0,7468016.0,50,22,0.0657951694959769
51,SP024,3.9997935902420605,17154678.0,50,23,0.02823912473624525
51,SP025,3.9095932754701708,23481618.0,50,24,0.027639499641139105
52,SP001,4.4792719996470955,839222279.0,51,0,0.030556616567607043
52,SP004,4.215964663242901,104101545.0,51,3,0.030556616567607043
52,SP007,5.0,14485165.0,51,6,0.08606629658238704
52,SP008,4.5,193145704.0,51,7,0.031927542840705044
52,SP017,5.0,18547863.0,51,16,0.09622504486493763
52,SP018,4.5,90086867.0,51,17,0.036369648372665396
52,SP021,4.157952066135888,200995064.0,51,20,0.03042903097250923
52,SP024,4.107927485823791,60517201.0,51,23,0.031219527052723135
52,SP025,4.215464837346972,15198028.0,51,24,0.030556616567607043
53,SP001,4.5,89591095.0,52,0,0.030556616567607043
53,SP004,4.150433547858637,65663327.0,52,3,0.030556616567607043
53,SP008,4.5,502081459.0,52,7,0.031927542840705044
53,SP013,4.123094071860676,20892275.0,52,12,0.034020690871988585
53,SP014,5.0,11350994.0,52,13,0.1111111111111111
53,SP018,4.418947346344562,135660683.0,52,17,0.036369648372665396
53,SP021,4.077691394324953,119611796.0,52,20,0.03042903097250923
53,SP023,5.0,23943229.0,52,22,0.07273929674533079
53,SP025,4.017446420994042,20974249.0,52,24,0.030556616567607043
54,SP001,4.442999178940928,834922243.0,53,0,0.028988551782622423
54,SP004,4.163568220381409,48943734.0,53,3,0.028988551782622423
54,SP006,5.0,12419815.0,53,5,0.07453559924999299
54,SP008,4.5,124753915.0,53,7,0.030289126640769135
54,SP013,4.152028478872572,22769976.0,53,12,0.03227486121839514
54,SP015,5.0,8714661.0,53,14,0.1
54,SP018,4.48286903561471,367667274.0,53,17,0.03450327796711771
54,SP021,4.3809042448496,225605351.0,53,20,0.028867513459481284
54,SP024,4.066376285344519,27375938.0,53,23,0.029617443887954616
54,SP025,4.027959232044651,20735574.0,53,24,0.028988551782622423
55,SP001,4.496484614469973,698616919.0,54,0,0.028988551782622423
55,SP004,4.062824920161643,45182327.0,54,3,0.028988551782622423
55,SP007,5.0,37270426.0,54,6,0.08164965809277261
55,SP008,4.4646222431878435,173055894.0,54,7,0.030289126640769135
55,SP013,4.020751255151152,5583308.0,54,12,0.03227486121839514
55,SP015,5.0,12135374.0,54,14,0.1
55,SP017,5.0,18270472.0,54,16,0.09128709291752768
55,SP021,4.287409397219743,175632370.0,54,20,0.028867513459481284
55,SP024,4.155956004624328,22437200.0,54,23,0.029617443887954616
55,SP025,4.023517177384573,38973225.0,54,24,0.028988551782622423
56,SP001,4.5,91797473.0,55,0,0.030556616567607043
56,SP004,4.024637241986358,43459283.0,55,3,0.030556616567607043
56,SP008,4.666666666666667,1138737559.0,55,7,0.031927542840705044
56,SP009,5.0,903467143.0,55,8,0.09245003270420485
56,SP018,4.5947692487186265,136635714.0,55,17,0.036369648372665396
56,SP019,5.0,9358174.0,55,18,0.10540925533894598
56,SP021,4.1211937756083215,50145679.0,55,20,0.03042903097250923
56,SP024,4.028196375761692,20817559.0,55,23,0.031219527052723135
56,SP025,4.165779516429054,74865614.0,55,24,0.030556616567607043
57,SP001,4.5,290535845.0,56,0,0.03241018617760822
57,SP004,4.109799173815715,83340279.0,56,3,0.03241018617760822
57,SP008,4.5,279046263.0,56,7,0.03386427307392982
57,SP012,5.0,80189560.0,56,11,0.10206207261596577
57,SP013,3.9669964004147973,4234765.0,56,12,0.036084391824351615
57,SP021,4.276652493283609,184503859.0,56,20,0.03227486121839514
57,SP024,4.18916647453139,54827124.0,56,23,0.033113308926626096
57,SP025,4.314204510689121,38637872.0,56,24,0.03241018617760822
58,SP001,4.5,369950606.0,57,0,0.03241018617760822
58,SP004,4.262303473716599,69212343.0,57,3,0.03241018617760822
58,SP008,4.5,274287681.0,57,7,0.03386427307392982
58,SP013,4.366273452200879,49826892.0,57,12,0.036084391824351615
58,SP018,4.499420924803496,65464717.0,57,17,0.03857583749052298
58,SP021,4.388543487650092,385546445.0,57,20,0.03227486121839514
58,SP024,4.06672479517143,54094665.0,57,23,0.033113308926626096
58,SP025,4.190324504078405,28868816.0,57,24,0.03241018617760822
59,SP001,4.492356514686821,327416059.0,58,0,0.030556616567607043
59,SP004,4.091057759960041,88677327.0,58,3,0.030556616567607043
59,SP008,4.5,985978169.0,58,7,0.031927542840705044
59,SP009,5.0,621598056.0,58,8,0.09245003270420485
59,SP013,3.7557821508174216,1429154.0,58,12,0.034020690871988585
59,SP018,4.43530672300426,47076839.0,58,17,0.036369648372665396
59,SP021,4.215070191905919,135551294.0,58,20,0.03042903097250923
59,SP024,3.985994001166093,36981177.0,58,23,0.031219527052723135
59,SP025,4.100281243204151,35291963.0,58,24,0.030556616567607043
60,SP001,4.442332830436515,656417389.0,59,0,0.030556616567607043
60,SP002,5.0,275197291.0,59,1,0.10540925533894598
60,SP004,3.9886612819827265,57285673.0,59,3,0.030556616567607043
60,SP008,4.5,630608382.0,59,7,0.031927542840705044
60,SP009,5.0,404785048.0,59,8,0.09245003270420485
60,SP013,4.08833691695926,37987305.0,59,12,0.034020690871988585
60,SP021,4.053603115055182,28622287.0,59,20,0.03042903097250923
60,SP024,4.184768642211552,55187280.0,59,23,0.031219527052723135
60,SP025,4.176845014998039,78234881.0,59,24,0.030556616567607043
61,SP001,4.495542427669004,488821396.0,60,0,0.030556616567607043
61,SP004,3.8703030171560187,11066938.0,60,3,0.030556616567607043
61,SP008,4.4512444071287876,228086549.0,60,7,0.031927542840705044
61,SP009,5.0,554729317.0,60,8,0.09245003270420485
61,SP011,5.0,653643639.0,60,10,0.13608276348795434
61,SP013,4.110170872773466,18419167.0,60,12,0.034020690871988585
61,SP021,4.524130786567363,328586565.0,60,20,0.03042903097250923
61,SP024,4.194710889230456,53111161.0,60,23,0.031219527052723135
61,SP025,3.947689208042941,8781627.0,60,24,0.030556616567607043
62,SP001,4.625,814508895.0,61,0,0.03464794643376185
62,SP004,4.055286273793235,63617509.0,61,3,0.03464794643376185
62,SP008,4.463304222394527,416553111.0,61,7,0.03620243071279983
62,SP013,4.099386217443992,27486401.0,61,12,0.03857583749052298
62,SP021,4.251092762332033,75225903.0,61,20,0.03450327796711771
62,SP024,4.016446478504313,53186322.0,61,23,0.03539961627023943
62,SP025,4.111259190979398,59189042.0,61,24,0.03464794643376185
63,SP001,4.5,145173212.0,62,0,0.028988551782622423
63,SP004,4.383433433518949,55410589.0,62,3,0.028988551782622423
63,SP008,4.5,285826839.0,62,7,0.030289126640769135
63,SP012,5.0,202214321.0,62,11,0.09128709291752768
63,SP013,3.81789378524157,1967009.0,62,12,0.03227486121839514
63,SP015,5.0,16308399.0,62,14,0.1
63,SP021,4.202214871749223,145572952.0,62,20,0.028867513459481284
63,SP022,5.0,14937910.0,62,21,0.11952286093343936
63,SP024,4.196348930057611,72567026.0,62,23,0.029617443887954616
63,SP025,4.0450793557265605,54171732.0,62,24,0.028988551782622423
64,SP001,4.475883421017976,388102358.0,63,0,0.030556616567607043
64,SP004,4.0317471364261515,50185645.0,63,3,0.030556616567607043
64,SP008,4.75,275711286.0,63,7,0.031927542840705044
64,SP013,4.170594364927398,24966274.0,63,12,0.034020690871988585
64,SP019,5.0,9273963.0,63,18,0.10540925533894598
64,SP020,5.0,5226051.0,63,19,0.11785113019775793
64,SP021,4.168511622816501,75425430.0,63,20,0.03042903097250923
64,SP024,4.147034843485409,44894700.0,63,23,0.031219527052723135
64,SP025,4.037511842328442,47719938.0,63,24,0.030556616567607043
65,SP001,4.666666666666667,412957196.0,64,0,0.027639499641139105
65,SP003,5.0,172426198.0,64,2,0.08058229640253803
65,SP004,4.051730443625374,6547629.0,64,3,0.027639499641139105
65,SP005,5.0,14500667.0,64,4,0.09090909090909091
65,SP008,4.5,393428035.0,64,7,0.02887954911289539
65,SP013,4.2107959752266755,14837450.0,64,12,0.03077287274483318
65,SP018,4.419833968378558,86951821.0,64,17,0.03289758474798845
65,SP021,4.143916991599952,40080049.0,64,20,0.027524094128159017
65,SP023,5.0,23607968.0,64,22,0.0657951694959769
65,SP024,4.0780581326767535,46676855.0,64,23,0.02823912473624525
65,SP025,4.0895766716825115,16499397.0,64,24,0.027639499641139105
66,SP001,4.496577159533688,810696979.0,65,0,0.03241018617760822
66,SP004,4.0182935592295985,47079165.0,65,3,0.03241018617760822
66,SP006,5.0,7550619.0,65,5,0.08333333333333333
66,SP008,4.386030096253337,172382779.0,65,7,0.03386427307392982
66,SP013,4.170315353736607,24100843.0,65,12,0.036084391824351615
66,SP018,4.75,97089949.0,65,17,0.03857583749052298
66,SP021,4.1563368853932,103149432.0,65,20,0.03227486121839514
66,SP025,4.027768753213253,41604306.0,65,24,0.03241018617760822
67,SP001,4.5,448865262.0,66,0,0.028988551782622423
67,SP004,4.058975118077204,32298169.0,66,3,0.028988551782622423
67,SP005,5.0,8655334.0,66,4,0.09534625892455924
67,SP008,4.5,481419957.0,66,7,0.030289126640769135
67,SP013,4.177612216170013,25203300.0,66,12,0.03227486121839514
67,SP014,5.0,8124030.0,66,13,0.10540925533894598
67,SP016,5.0,12209490.0,66,15,0.09534625892455924
67,SP018,4.49580435058643,64258358.0,66,17,0.03450327796711771
67,SP021,4.300473360300141,208919352.0,66,20,0.028867513459481284
67,SP025,4.172327867622292,65053337.0,66,24,0.028988551782622423
68,SP001,4.5,744172709.0,67,0,0.027639499641139105
68,SP004,4.076428025951317,39595511.0,67,3,0.027639499641139105
68,SP006,5.0,16411285.0,67,5,0.07106690545187015
68,SP008,4.4924718844869025,435404759.0,67,7,0.02887954911289539
68,SP009,5.0,329364089.0,67,8,0.08362420100070908
68,SP013,4.170297328418632,52752030.0,67,12,0.03077287274483318
68,SP016,5.0,20307267.0,67,15,0.09090909090909091
68,SP018,4.267051838823547,109585915.0,67,17,0.03289758474798845
68,SP021,4.248559982771402,106690488.0,67,20,0.027524094128159017
68,SP024,4.134118122652116,69229841.0,67,23,0.02823912473624525
68,SP025,4.066557680135119,55173151.0,67,24,0.027639499641139105
69,SP001,4.439035150907568,107554127.0,68,0,0.028988551782622423
69,SP004,4.097393815588608,46302076.0,68,3,0.028988551782622423
69,SP007,5.0,11452792.0,68,6,0.08164965809277261
69,SP008,4.304301140296105,23999623.0,68,7,0.030289126640769135
69,SP013,4.1295854123049756,20855024.0,68,12,0.03227486121839514
69,SP015,5.0,9525449.0,68,14,0.1
69,SP018,4.477426439874231,141995371.0,68,17,0.03450327796711771
69,SP021,4.267498600937062,210674710.0,68,20,0.028867513459481284
69,SP024,4.0223971598997235,31792549.0,68,23,0.029617443887954616
69,SP025,4.030042745456005,42826796.0,68,24,0.028988551782622423
70,SP001,4.5,647030263.0,69,0,0.027639499641139105
70,SP003,5.0,424167518.0,69,2,0.08058229640253803
70,SP004,4.0614113239470475,22071787.0,69,3,0.027639499641139105
70,SP008,4.455582964160223,52250996.0,69,7,0.02887954911289539
70,SP013,4.25219661586388,18358120.0,69,12,0.03077287274483318
70,SP017,5.0,8492944.0,69,16,0.08703882797784893
70,SP018,4.483312313239742,49611799.0,69,17,0.03289758474798845
70,SP019,5.0,18456943.0,69,18,0.09534625892455924
70,SP021,4.231807296607548,185484527.0,69,20,0.027524094128159017
70,SP024,4.238062087963972,17070983.0,69,23,0.02823912473624525
70,SP025,3.9799603216232335,42658955.0,69,24,0.027639499641139105
71,SP001,4.6,1103198255.0,70,0,0.028988551782622423
71,SP003,5.0,344653313.0,70,2,0.08451542547285165
71,SP004,4.011831450764653,34236695.0,70,3,0.028988551782622423
71,SP008,4.5,267209768.0,70,7,0.030289126640769135
71,SP009,5.0,127583912.0,70,8,0.08770580193070293
71,SP013,4.252957959657517,55517191.0,70,12,0.03227486121839514
71,SP018,4.316141880725885,25506501.0,70,17,0.03450327796711771
71,SP021,4.12191495310986,129983513.0,70,20,0.028867513459481284
71,SP024,4.201724304356599,28820008.0,70,23,0.029617443887954616
71,SP025,4.036644395210971,40788298.0,70,24,0.028988551782622423
72,SP001,4.365987707714863,149312457.0,71,0,0.030556616567607043
72,SP004,4.132206413896072,32515226.0,71,3,0.030556616567607043
72,SP008,4.492175119761232,386345076.0,71,7,0.031927542840705044
72,SP013,4.163034272450754,23255650.0,71,12,0.034020690871988585
72,SP018,4.5,86987560.0,71,17,0.036369648372665396
72,SP021,4.04062685445836,23339590.0,71,20,0.03042903097250923
72,SP023,5.0,10765032.0,71,22,0.07273929674533079
72,SP024,4.126495223247671,30064413.0,71,23,0.031219527052723135
72,SP025,4.121712309071825,54546839.0,71,24,0.030556616567607043
73,SP001,4.417733033286127,978716826.0,72,0,0.030556616567607043
73,SP004,4.1953663228115925,56852202.0,72,3,0.030556616567607043
73,SP008,4.5,160454411.0,72,7,0.031927542840705044
73,SP013,4.182734147510332,40927513.0,72,12,0.034020690871988585
73,SP018,4.617293798539999,25306593.0,72,17,0.036369648372665396
73,SP020,5.0,6899306.0,72,19,0.11785113019775793
73,SP021,4.093593886699684,129838723.0,72,20,0.03042903097250923
73,SP024,4.045030590426232,31969906.0,72,23,0.031219527052723135
73,SP025,4.113205380787435,82802983.0,72,24,0.030556616567607043
74,SP001,4.5,1203043353.0,73,0,0.030556616567607043
74,SP004,4.058515880545732,40413442.0,73,3,0.030556616567607043
74,SP007,5.0,36527517.0,73,6,0.08606629658238704
74,SP008,4.460273413722891,389376673.0,73,7,0.031927542840705044
74,SP013,4.261967847724202,19304226.0,73,12,0.034020690871988585
74,SP021,4.430880174384794,297684410.0,73,20,0.03042903097250923
74,SP023,5.0,7391240.0,73,22,0.07273929674533079
74,SP024,4.262214430589317,19328722.0,73,23,0.031219527052723135
74,SP025,4.057563844330441,48787607.0,73,24,0.030556616567607043
75,SP001,4.75,478200774.0,74,0,0.030556616567607043
75,SP004,4.144695266901971,57732792.0,74,3,0.030556616567607043
75,SP008,4.3672994633987265,67034100.0,74,7,0.031927542840705044
75,SP013,4.07363582405518,7328415.0,74,12,0.034020690871988585
75,SP016,5.0,6140538.0,74,15,0.10050378152592121
75,SP018,4.6034669740712175,139477426.0,74,17,0.036369648372665396
75,SP021,4.371673213644267,278834243.0,74,20,0.03042903097250923
75,SP024,4.094031551731532,56850062.0,74,23,0.031219527052723135
75,SP025,4.236416862183577,16927152.0,74,24,0.030556616567607043
76,SP001,4.449073246926294,333868177.0,75,0,0.028988551782622423
76,SP004,4.126771192108691,39349740.0,75,3,0.028988551782622423
76,SP008,4.36888472774364,400345991.0,75,7,0.030289126640769135
76,SP009,5.0,390690503.0,75,8,0.08770580193070293
76,SP013,4.164301604287674,11681898.0,75,12,0.03227486121839514
76,SP018,4.398513423359595,38960895.0,75,17,0.03450327796711771
76,SP021,4.436850228935513,65836403.0,75,20,0.028867513459481284
76,SP023,5.0,15594279.0,75,22,0.06900655593423542
76,SP024,4.094092184957992,31565460.0,75,23,0.029617443887954616
76,SP025,4.097582125229593,19044495.0,75,24,0.028988551782622423
77,SP001,4.5,961351915.0,76,0,0.03241018617760822
77,SP004,4.031861157611766,62907381.0,76,3,0.03241018617760822
77,SP008,4.5,228596374.0,76,7,0.03386427307392982
77,SP013,4.130914527994568,62259729.0,76,12,0.036084391824351615
77,SP016,5.0,6534457.0,76,15,0.10660035817780521
77,SP021,4.236352900307677,296979839.0,76,20,0.03227486121839514
77,SP024,4.146763703850803,33550645.0,76,23,0.033113308926626096
77,SP025,4.172489012325268,65521162.0,76,24,0.03241018617760822
78,SP001,4.5,427531983.0,77,0,0.030556616567607043
78,SP004,4.031803215192529,73604932.0,77,3,0.030556616567607043
78,SP008,4.5,123169179.0,77,7,0.031927542840705044
78,SP012,5.0,503545380.0,77,11,0.09622504486493763
78,SP013,4.140369856244307,54751687.0,77,12,0.034020690871988585
78,SP018,4.331004170479732,27532524.0,77,17,0.036369648372665396
78,SP021,4.480176337631459,506549497.0,77,20,0.03042903097250923
78,SP024,4.1423859457829195,20874436.0,77,23,0.031219527052723135
78,SP025,4.071083711878165,16931378.0,77,24,0.030556616567607043
79,SP001,4.5,443687772.0,78,0,0.03464794643376185
79,SP004,4.021067029671936,52611096.0,78,3,0.03464794643376185
79,SP008,4.5,1351200471.0,78,7,0.03620243071279983
79,SP015,5.0,23160371.0,78,14,0.11952286093343936
79,SP018,4.498207567154752,140915237.0,78,17,0.041239304942116126
79,SP021,4.376664896934048,194591279.0,78,20,0.03450327796711771
79,SP025,3.9022020628403773,3034661.0,78,24,0.03464794643376185
80,SP001,4.5,841825087.0,79,0,0.030556616567607043
80,SP004,4.167080196728816,37117175.0,79,3,0.030556616567607043
80,SP008,4.5,222457683.0,79,7,0.031927542840705044
80,SP018,4.247759496119203,17943941.0,79,17,0.036369648372665396
80,SP020,5.0,11513696.0,79,19,0.11785113019775793
80,SP021,4.138634090736221,84143765.0,79,20,0.03042903097250923
80,SP023,5.0,19441321.0,79,22,0.07273929674533079
80,SP024,4.080933344174158,54931553.0,79,23,0.031219527052723135
80,SP025,4.203264843546015,57722942.0,79,24,0.030556616567607043
81,SP001,4.440135427949564,757826609.0,80,0,0.027639499641139105
81,SP002,5.0,203943376.0,80,1,0.09534625892455924
81,SP003,5.0,413834041.0,80,2,0.08058229640253803
81,SP004,3.9506147878682634,59325344.0,80,3,0.027639499641139105
81,SP008,4.666666666666667,1099502529.0,80,7,0.02887954911289539
81,SP013,4.18217205686255,25843446.0,80,12,0.03077287274483318
81,SP017,5.0,6091308.0,80,16,0.08703882797784893
81,SP018,4.5,81541955.0,80,17,0.03289758474798845
81,SP021,4.385635621804098,165782151.0,80,20,0.027524094128159017
81,SP024,4.112157954943688,47943827.0,80,23,0.02823912473624525
81,SP025,4.069953226418827,31290588.0,80,24,0.027639499641139105
82,SP001,4.5,895916493.0,81,0,0.030556616567607043
82,SP004,3.9996569472940013,24586549.0,81,3,0.030556616567607043
82,SP008,5.0,242179252.0,81,7,0.031927542840705044
82,SP011,5.0,862065490.0,81,10,0.13608276348795434
82,SP013,3.9338617511476737,18828274.0,81,12,0.034020690871988585
82,SP018,4.418934680690265,92660922.0,81,17,0.036369648372665396
82,SP021,4.088524271972846,141051431.0,81,20,0.03042903097250923
82,SP024,4.286703667168168,31427882.0,81,23,0.031219527052723135
82,SP025,4.271352735748976,56936399.0,81,24,0.030556616567607043
83,SP001,4.4041979835156315,170501709.0,82,0,0.03464794643376185
83,SP004,4.052781653051398,32114065.0,82,3,0.03464794643376185
83,SP013,4.13393624218028,35775001.0,82,12,0.03857583749052298
83,SP018,4.256450648563661,118494509.0,82,17,0.041239304942116126
83,SP021,4.239684653196868,126022198.0,82,20,0.03450327796711771
83,SP024,4.249646368341908,36259407.0,82,23,0.03539961627023943
83,SP025,4.61208090571059,33804670.0,82,24,0.03464794643376185
84,SP001,4.5,514843032.0,83,0,0.03742405942825599
84,SP004,4.0635485180504975,35338406.0,83,3,0.03742405942825599
84,SP013,4.173681340095636,66214955.0,83,12,0.041666666666666664
84,SP021,4.051205042587786,47735794.0,83,20,0.037267799624996496
84,SP024,4.369388951124915,34208529.0,83,23,0.038235955645093626
84,SP025,3.8969560932209246,8148538.0,83,24,0.03742405942825599
85,SP001,4.426257801372175,269316124.0,84,0,0.030556616567607043
85,SP004,3.9673923315494055,46566098.0,84,3,0.030556616567607043
85,SP008,4.3913294063412245,213914627.0,84,7,0.031927542840705044
85,SP013,3.9928762089851446,15979739.0,84,12,0.034020690871988585
85,SP017,5.0,11639729.0,84,16,0.09622504486493763
85,SP018,4.75,80220394.0,84,17,0.036369648372665396
85,SP021,4.143414163105246,57697135.0,84,20,0.03042903097250923
85,SP024,4.0384443749370655,26180688.0,84,23,0.031219527052723135
85,SP025,3.8740341361139428,16200454.0,84,24,0.030556616567607043
86,SP001,4.460801364117613,297967863.0,85,0,0.027639499641139105
86,SP002,5.0,283322439.0,85,1,0.09534625892455924
86,SP004,4.326019266198153,28163191.0,85,3,0.027639499641139105
86,SP005,5.0,36142275.0,85,4,0.09090909090909091
86,SP008,4.5,251345477.0,85,7,0.02887954911289539
86,SP010,5.0,545790112.0,85,9,0.09534625892455924
86,SP013,4.053927933279558,36179567.0,85,12,0.03077287274483318
86,SP018,4.5,93552722.0,85,17,0.03289758474798845
86,SP021,4.2522455628809235,447918192.0,85,20,0.027524094128159017
86,SP024,4.043934008806689,30462746.0,85,23,0.02823912473624525
86,SP025,4.189047572947652,26539903.0,85,24,0.027639499641139105
87,SP001,4.5,690001501.0,86,0,0.030556616567607043
87,SP002,5.0,296284846.0,86,1,0.10540925533894598
87,SP004,4.09014969729565,66131384.0,86,3,0.030556616567607043
87,SP008,4.5,180912215.0,86,7,0.031927542840705044
87,SP013,4.186039611151014,13063681.0,86,12,0.034020690871988585
87,SP018,4.303818956410088,68870147.0,86,17,0.036369648372665396
87,SP021,4.313234562152097,87332494.0,86,20,0.03042903097250923
87,SP024,4.134592062841519,35059466.0,86,23,0.031219527052723135
87,SP025,4.110663070413531,71476181.0,86,24,0.030556616567607043
88,SP001,4.498582960844225,370298155.0,87,0,0.03241018617760822
88,SP004,4.133776545075962,90161911.0,87,3,0.03241018617760822
88,SP008,4.5,150373304.0,87,7,0.03386427307392982
88,SP013,4.153569010527041,70110106.0,87,12,0.036084391824351615
88,SP018,4.30904849189278,58374853.0,87,17,0.03857583749052298
88,SP021,4.232946429964529,127462399.0,87,20,0.03227486121839514
88,SP024,3.6478760914324257,820482.0,87,23,0.033113308926626096
88,SP025,4.173569962174494,119793782.0,87,24,0.03241018617760822
89,SP001,4.5,520992451.0,88,0,0.030556616567607043
89,SP004,4.03460338444872,50389674.0,88,3,0.030556616567607043
89,SP008,4.456720973500273,311165693.0,88,7,0.031927542840705044
89,SP010,5.0,169106582.0,88,9,0.10540925533894598
89,SP013,4.109282679670703,29209982.0,88,12,0.034020690871988585
89,SP018,4.409720673423172,147133167.0,88,17,0.036369648372665396
89,SP021,4.212471752964401,14965876.0,88,20,0.03042903097250923
89,SP024,3.867308296311248,2536147.0,88,23,0.031219527052723135
89,SP025,3.981040910595793,14797351.0,88,24,0.030556616567607043
90,SP001,4.5,608664949.0,89,0,0.030556616567607043
90,SP004,4.020597489350462,68190918.0,89,3,0.030556616567607043
90,SP005,5.0,31534407.0,89,4,0.10050378152592121
90,SP007,5.0,12979695.0,89,6,0.08606629658238704
90,SP008,4.21596873029528,15237464.0,89,7,0.031927542840705044
90,SP013,4.109796022604632,17715905.0,89,12,0.034020690871988585
90,SP021,4.2973006825855915,136421708.0,89,20,0.03042903097250923
90,SP024,4.109069355953045,23040147.0,89,23,0.031219527052723135
90,SP025,4.076419049099655,44364695.0,89,24,0.030556616567607043
91,SP001,4.5,513436936.0,90,0,0.027639499641139105
91,SP002,5.0,130918809.0,90,1,0.09534625892455924
91,SP004,4.239851986482251,104017292.0,90,3,0.027639499641139105
91,SP006,5.0,46928318.0,90,5,0.07106690545187015
91,SP008,4.5,134822353.0,90,7,0.02887954911289539
91,SP011,5.0,322860149.0,90,10,0.12309149097933272
91,SP013,3.9347905930516327,7195327.0,90,12,0.03077287274483318
91,SP018,4.239330330491255,58875042.0,90,17,0.03289758474798845
91,SP021,4.210716248599739,163847685.0,90,20,0.027524094128159017
91,SP024,4.019415446321199,74312674.0,90,23,0.02823912473624525
91,SP025,4.213471621742173,30564923.0,90,24,0.027639499641139105
92,SP001,4.461559999233643,898657928.0,91,0,0.03241018617760822
92,SP004,3.992358089279114,29819920.0,91,3,0.03241018617760822
92,SP008,4.5,606844225.0,91,7,0.03386427307392982
92,SP013,4.2150097451566975,15162499.0,91,12,0.036084391824351615
92,SP021,4.334497390457715,308428890.0,91,20,0.03227486121839514
92,SP023,5.0,20317173.0,91,22,0.07715167498104596
92,SP024,4.247315962762795,17903057.0,91,23,0.033113308926626096
92,SP025,4.212224616956396,45411763.0,91,24,0.03241018617760822
93,SP001,4.490846786616407,1227810723.0,92,0,0.03464794643376185
93,SP004,4.134088462339584,62503402.0,92,3,0.03464794643376185
93,SP008,4.5,620953868.0,92,7,0.03620243071279983
93,SP018,4.2771350061529105,20870289.0,92,17,0.041239304942116126
93,SP021,4.083173941963196,48521583.0,92,20,0.03450327796711771
93,SP024,4.135472531404047,31339720.0,92,23,0.03539961627023943
93,SP025,4.080595111330278,41835524.0,92,24,0.03464794643376185
94,SP001,4.474461513010013,330394068.0,93,0,0.028988551782622423
94,SP004,4.165093529594682,23893906.0,93,3,0.028988551782622423
94,SP005,5.0,43641415.0,93,4,0.09534625892455924
94,SP008,4.5,213795868.0,93,7,0.030289126640769135
94,SP013,4.599339381560178,34642717.0,93,12,0.03227486121839514
94,SP016,5.0,7933902.0,93,15,0.09534625892455924
94,SP018,4.412057124978157,41771395.0,93,17,0.03450327796711771
94,SP021,4.2377550188562045,310360743.0,93,20,0.028867513459481284
94,SP024,4.077714972346868,31062061.0,93,23,0.029617443887954616
94,SP025,4.005225004460552,10651484.0,93,24,0.028988551782622423
95,SP001,4.6388262213652,662837859.0,94,0,0.030556616567607043
95,SP004,4.046228744550443,15639506.0,94,3,0.030556616567607043
95,SP008,4.412729994022118,165737787.0,94,7,0.031927542840705044
95,SP013,3.9426859563851107,16471208.0,94,12,0.034020690871988585
95,SP016,5.0,7633738.0,94,15,0.10050378152592121
95,SP018,4.5,83730705.0,94,17,0.036369648372665396
95,SP021,4.204618181584252,149120201.0,94,20,0.03042903097250923
95,SP024,4.167825312167482,24566072.0,94,23,0.031219527052723135
95,SP025,4.3043941779056984,66673958.0,94,24,0.030556616567607043
96,SP001,4.5,593489959.0,95,0,0.030556616567607043
96,SP004,4.197965670494576,28268758.0,95,3,0.030556616567607043
96,SP008,4.4167410336444,279040784.0,95,7,0.031927542840705044
96,SP013,3.9399590295236657,21177051.0,95,12,0.034020690871988585
96,SP018,4.431938682871426,41308145.0,95,17,0.036369648372665396
96,SP021,4.345409312758444,154182180.0,95,20,0.03042903097250923
96,SP022,5.0,14375798.0,95,21,0.1259881576697424
96,SP024,4.523010987982456,14198084.0,95,23,0.031219527052723135
96,SP025,3.736361324186678,1293309.0,95,24,0.030556616567607043
97,SP001,4.625,923003029.0,96,0,0.027639499641139105
97,SP004,4.143185217381838,50023439.0,96,3,0.027639499641139105
97,SP008,4.5,520709695.0,96,7,0.02887954911289539
97,SP010,5.0,376887037.0,96,9,0.09534625892455924
97,SP012,5.0,468631639.0,96,11,0.08703882797784893
97,SP013,4.021419880194896,38747888.0,96,12,0.03077287274483318
97,SP017,5.0,12382724.0,96,16,0.08703882797784893
97,SP018,4.5,87458078.0,96,17,0.03289758474798845
97,SP021,4.175494637960428,36225327.0,96,20,0.027524094128159017
97,SP024,4.093745474246633,32584111.0,96,23,0.02823912473624525
97,SP025,3.96861064343711,21092152.0,96,24,0.027639499641139105
98,SP001,4.489541034804184,372144718.0,97,0,0.03464794643376185
98,SP004,4.114550657597914,47175948.0,97,3,0.03464794643376185
98,SP006,5.0,46431113.0,97,5,0.0890870806374748
98,SP018,4.291688933310597,22492352.0,97,17,0.041239304942116126
98,SP021,4.189674673535271,26651288.0,97,20,0.03450327796711771
98,SP024,4.219334005296226,31857462.0,97,23,0.03539961627023943
98,SP025,4.22286675979362,42689116.0,97,24,0.03464794643376185
99,SP001,4.49862508785855,422198133.0,98,0,0.030556616567607043
99,SP003,5.0,361280462.0,98,2,0.0890870806374748
99,SP004,4.177822014811411,38367550.0,98,3,0.030556616567607043
99,SP008,4.5,320907993.0,98,7,0.031927542840705044
99,SP013,4.1590184628334494,23036427.0,98,12,0.034020690871988585
99,SP018,4.178507351792032,12567305.0,98,17,0.036369648372665396
99,SP021,4.413566895369212,192012534.0,98,20,0.03042903097250923
99,SP024,4.105693654978631,26172292.0,98,23,0.031219527052723135
99,SP025,3.984695563720223,16539192.0,98,24,0.030556616567607043
100,SP001,4.5,895397049.0,99,0,0.03464794643376185
100,SP004,4.0334347133098785,41275258.0,99,3,0.03464794643376185
100,SP008,4.476527992272983,58193650.0,99,7,0.03620243071279983
100,SP011,5.0,315473042.0,99,10,0.1543033499620919
100,SP021,4.3270544749191115,260399146.0,99,20,0.03450327796711771
100,SP024,3.9989924525583582,27995550.0,99,23,0.03539961627023943
100,SP025,4.475863012396744,45553943.0,99,24,0.03464794643376185
101,SP001,4.460809044796869,1159110134.0,100,0,0.028988551782622423
101,SP004,4.210052957012118,61542869.0,100,3,0.028988551782622423
101,SP007,5.0,29191308.0,100,6,0.08164965809277261
101,SP008,4.224359260347714,15909373.0,100,7,0.030289126640769135
101,SP013,4.04816533095132,13324161.0,100,12,0.03227486121839514
101,SP018,4.448340854241215,129691000.0,100,17,0.03450327796711771
101,SP021,4.353568436728704,276788063.0,100,20,0.028867513459481284
101,SP022,5.0,13563103.0,100,21,0.11952286093343936
101,SP024,4.184083871516365,39206024.0,100,23,0.029617443887954616
101,SP025,4.139245356995238,57666230.0,100,24,0.028988551782622423
102,SP001,4.415888966133078,558323882.0,101,0,0.03241018617760822
102,SP004,4.091237394081379,8022753.0,101,3,0.03241018617760822
102,SP008,4.46153111345442,579907941.0,101,7,0.03386427307392982
102,SP013,4.18215816751058,44985409.0,101,12,0.036084391824351615
102,SP018,4.468286011524674,147371966.0,101,17,0.03857583749052298
102,SP021,4.3886178863369665,183811793.0,101,20,0.03227486121839514
102,SP024,4.139555496635007,69322258.0,101,23,0.033113308926626096
102,SP025,4.172945601224965,38424870.0,101,24,0.03241018617760822
103,SP001,4.423862104086801,436141576.0,102,0,0.027639499641139105
103,SP004,3.9155930430957713,37623058.0,102,3,0.027639499641139105
103,SP008,4.5,444591815.0,102,7,0.02887954911289539
103,SP009,5.0,567327558.0,102,8,0.08362420100070908
103,SP013,4.1845939211117065,12966913.0,102,12,0.03077287274483318
103,SP017,5.0,15074168.0,102,16,0.08703882797784893
103,SP018,4.366167713752012,99074433.0,102,17,0.03289758474798845
103,SP021,4.2596026967177005,210773137.0,102,20,0.027524094128159017
103,SP023,5.0,12541079.0,102,22,0.0657951694959769
103,SP024,4.088925651444998,28242736.0,102,23,0.02823912473624525
103,SP025,4.237624719652815,17032628.0,102,24,0.027639499641139105
104,SP004,4.150182278322026,104832444.0,103,3,0.030556616567607043
104,SP007,5.0,48632717.0,103,6,0.08606629658238704
104,SP008,4.477304373037034,308707984.0,103,7,0.031927542840705044
104,SP013,3.9479464354265263,7884625.0,103,12,0.034020690871988585
104,SP016,5.0,5862002.0,103,15,0.10050378152592121
104,SP018,4.252405224749637,18377826.0,103,17,0.036369648372665396
104,SP021,4.146049821063075,78667660.0,103,20,0.03042903097250923
104,SP024,4.171823853551305,48785164.0,103,23,0.031219527052723135
104,SP025,4.54471334074262,30006918.0,103,24,0.030556616567607043
105,SP001,4.455119173406727,343894210.0,104,0,0.03464794643376185
105,SP004,4.1685431644657465,77560811.0,104,3,0.03464794643376185
105,SP011,5.0,368049590.0,104,10,0.1543033499620919
105,SP020,5.0,12119155.0,104,19,0.1336306209562122
105,SP021,4.232696610266933,340593641.0,104,20,0.03450327796711771
105,SP024,4.391011439321068,34271654.0,104,23,0.03539961627023943
105,SP025,4.122345022280255,94442185.0,104,24,0.03464794643376185
106,SP001,4.5,345511001.0,105,0,0.030556616567607043
106,SP004,4.073293738225034,56933539.0,105,3,0.030556616567607043
106,SP006,5.0,6140687.0,105,5,0.07856742013183861
106,SP008,4.497806882893251,273485780.0,105,7,0.031927542840705044
106,SP014,5.0,16515717.0,105,13,0.1111111111111111
106,SP018,4.700041340775538,58782342.0,105,17,0.036369648372665396
106,SP021,4.295353614445475,264659584.0,105,20,0.03042903097250923
106,SP024,4.034099246640657,36761536.0,105,23,0.031219527052723135
106,SP025,4.090830714860699,8005991.0,105,24,0.030556616567607043
107,SP001,4.410750451860532,497429227.0,106,0,0.028988551782622423
107,SP003,5.0,113819840.0,106,2,0.08451542547285165
107,SP004,4.176190729793654,79771679.0,106,3,0.028988551782622423
107,SP007,5.0,29600477.0,106,6,0.08164965809277261
107,SP008,4.5,550666238.0,106,7,0.030289126640769135
107,SP010,5.0,241200599.0,106,9,0.1
107,SP021,4.221838313559731,99146511.0,106,20,0.028867513459481284
107,SP023,5.0,11029261.0,106,22,0.06900655593423542
107,SP024,4.120711240270373,37145848.0,106,23,0.029617443887954616
107,SP025,4.15706705641148,50115391.0,106,24,0.028988551782622423
108,SP001,4.497739475071888,585066012.0,107,0,0.028988551782622423
108,SP004,3.934306477190445,35685944.0,107,3,0.028988551782622423
108,SP008,4.5,139903183.0,107,7,0.030289126640769135
108,SP013,4.18951086537551,28149913.0,107,12,0.03227486121839514
108,SP016,5.0,14780968.0,107,15,0.09534625892455924
108,SP018,4.407980790836935,112573862.0,107,17,0.03450327796711771
108,SP021,4.310298851433753,320303707.0,107,20,0.028867513459481284
108,SP023,5.0,23344412.0,107,22,0.06900655593423542
108,SP024,4.1348408029169885,45972285.0,107,23,0.029617443887954616
108,SP025,3.982038208036456,15927022.0,107,24,0.028988551782622423
109,SP001,4.5,533924009.0,108,0,0.030556616567607043
109,SP002,5.0,324677188.0,108,1,0.10540925533894598
109,SP004,4.0652273898210165,39545679.0,108,3,0.030556616567607043
109,SP008,4.5,172450621.0,108,7,0.031927542840705044
109,SP010,5.0,761900965.0,108,9,0.10540925533894598
109,SP018,5.0,18475125.0,108,17,0.036369648372665396
109,SP021,4.378993271107549,260457150.0,108,20,0.03042903097250923
109,SP024,4.044475712385793,42431644.0,108,23,0.031219527052723135
109,SP025,4.1489258449276045,72396047.0,108,24,0.030556616567607043
110,SP001,4.5,597875623.0,109,0,0.03241018617760822
110,SP005,5.0,38217572.0,109,4,0.10660035817780521
110,SP008,4.5,561542535.0,109,7,0.03386427307392982
110,SP009,5.0,280236010.0,109,8,0.09805806756909202
110,SP018,4.468328429657195,210151619.0,109,17,0.03857583749052298
110,SP021,4.75,90671622.0,109,20,0.03227486121839514
110,SP024,4.175455701468915,39361571.0,109,23,0.033113308926626096
110,SP025,4.150711681442814,35122573.0,109,24,0.03241018617760822
111,SP001,4.568942092501041,830617332.0,110,0,0.027639499641139105
111,SP004,4.130508395904286,95975765.0,110,3,0.027639499641139105
111,SP007,5.0,35617299.0,110,6,0.0778498944161523
111,SP008,4.451998449544047,488718505.0,110,7,0.02887954911289539
111,SP009,5.0,787958515.0,110,8,0.08362420100070908
111,SP010,5.0,836291435.0,110,9,0.09534625892455924
111,SP013,4.121388761519409,21167593.0,110,12,0.03077287274483318
111,SP018,4.5,98441125.0,110,17,0.03289758474798845
111,SP021,4.253941744979109,129674828.0,110,20,0.027524094128159017
111,SP024,3.9901900024475943,18141457.0,110,23,0.02823912473624525
111,SP025,4.149023496272201,61520288.0,110,24,0.027639499641139105
112,SP001,4.592723948676724,1140582178.0,111,0,0.03742405942825599
112,SP004,3.907749957291847,28188755.0,111,3,0.03742405942825599
112,SP008,4.483028411909001,297853763.0,111,7,0.039103094350288754
112,SP021,4.257728048302722,37811051.0,111,20,0.037267799624996496
112,SP024,4.250657623452613,36444850.0,111,23,0.038235955645093626
112,SP025,4.057219400887369,47877623.0,111,24,0.03742405942825599
113,SP001,4.5,561666650.0,112,0,0.03464794643376185
113,SP004,4.040927641429812,19964314.0,112,3,0.03464794643376185
113,SP008,4.424753840104862,289105217.0,112,7,0.03620243071279983
113,SP013,4.170414026043631,12054955.0,112,12,0.03857583749052298
113,SP021,4.352233349851604,175668472.0,112,20,0.03450327796711771
113,SP024,4.197333374386019,42043884.0,112,23,0.03539961627023943
113,SP025,3.977051552706948,39056320.0,112,24,0.03464794643376185
114,SP001,4.50181783767442,1254123328.0,113,0,0.030556616567607043
114,SP003,5.0,461857225.0,113,2,0.0890870806374748
114,SP004,4.0349320963196975,38324194.0,113,3,0.030556616567607043
114,SP008,4.5,140077339.0,113,7,0.031927542840705044
114,SP013,4.010989271295379,12247774.0,113,12,0.034020690871988585
114,SP017,5.0,5734259.0,113,16,0.09622504486493763
114,SP018,4.32017834892682,26041524.0,113,17,0.036369648372665396
114,SP021,4.382017074243732,210847416.0,113,20,0.03042903097250923
114,SP025,4.095221414049341,33627992.0,113,24,0.030556616567607043
115,SP001,4.5,468761408.0,114,0,0.03241018617760822
115,SP003,5.0,201437139.0,114,2,0.0944911182523068
115,SP004,4.0450740295996575,21159193.0,114,3,0.03241018617760822
115,SP008,4.469563331078374,758295119.0,114,7,0.03386427307392982
115,SP013,4.324789872785057,33766929.0,114,12,0.036084391824351615
115,SP021,4.137870813093621,138917664.0,114,20,0.03227486121839514
115,SP024,4.185306759460131,26206743.0,114,23,0.033113308926626096
115,SP025,4.007813141759323,29264425.0,114,24,0.03241018617760822
116,SP001,4.5,654314117.0,115,0,0.030556616567607043
116,SP004,4.15549584920186,66934538.0,115,3,0.030556616567607043
116,SP008,4.5,99793225.0,115,7,0.031927542840705044
116,SP011,5.0,993601937.0,115,10,0.13608276348795434
116,SP013,5.0,24401489.0,115,12,0.034020690871988585
116,SP018,4.5,98755848.0,115,17,0.036369648372665396
116,SP021,4.016280621835014,38924467.0,115,20,0.03042903097250923
116,SP024,4.11028511670885,50084525.0,115,23,0.031219527052723135
116,SP025,4.153620069273882,11057477.0,115,24,0.030556616567607043
117,SP001,4.494750333805531,423354967.0,116,0,0.028988551782622423
117,SP004,4.038220311298198,6108140.0,116,3,0.028988551782622423
117,SP008,4.5,250502073.0,116,7,0.030289126640769135
117,SP012,5.0,144600728.0,116,11,0.09128709291752768
117,SP013,4.000609806462116,5033909.0,116,12,0.03227486121839514
117,SP018,4.265058608822625,19613525.0,116,17,0.03450327796711771
117,SP021,4.394753942230158,172112672.0,116,20,0.028867513459481284
117,SP023,5.0,11865510.0,116,22,0.06900655593423542
117,SP024,4.178561784271131,40708555.0,116,23,0.029617443887954616
117,SP025,4.218454830182031,30877771.0,116,24,0.028988551782622423
118,SP001,4.5,685118860.0,117,0,0.028988551782622423
118,SP004,4.049793458169252,41872980.0,117,3,0.028988551782622423
118,SP006,5.0,13282015.0,117,5,0.07453559924999299
118,SP008,4.5,424077254.0,117,7,0.030289126640769135
118,SP015,5.0,18395089.0,117,14,0.1
118,SP018,4.5,78268092.0,117,17,0.03450327796711771
118,SP021,4.198128773363113,56361879.0,117,20,0.028867513459481284
118,SP023,5.0,10960137.0,117,22,0.06900655593423542
118,SP024,4.1348356432034326,20078561.0,117,23,0.029617443887954616
118,SP025,3.83817547015199,9641871.0,117,24,0.028988551782622423
119,SP001,4.5,327512423.0,118,0,0.03241018617760822
119,SP003,5.0,262575323.0,118,2,0.0944911182523068
119,SP004,4.088396407490176,98804729.0,118,3,0.03241018617760822
119,SP013,4.02100502921142,33044612.0,118,12,0.036084391824351615
119,SP018,4.473979856363229,125215125.0,118,17,0.03857583749052298
119,SP021,4.368302844934631,218806583.0,118,20,0.03227486121839514
119,SP024,4.20527116713202,14421802.0,118,23,0.033113308926626096
119,SP025,4.208031695440587,46075337.0,118,24,0.03241018617760822
120,SP001,4.5,602347194.0,119,0,0.030556616567607043
120,SP004,4.018699322326664,33090691.0,119,3,0.030556616567607043
120,SP008,4.445280017030479,100158598.0,119,7,0.031927542840705044
120,SP012,5.0,273808817.0,119,11,0.09622504486493763
120,SP013,4.089725529111504,16193497.0,119,12,0.034020690871988585
120,SP018,4.419806862947882,43469849.0,119,17,0.036369648372665396
120,SP021,3.9172731178409688,3279228.0,119,20,0.03042903097250923
120,SP024,4.199622228286817,28379793.0,119,23,0.031219527052723135
120,SP025,3.994110641661949,24763666.0,119,24,0.030556616567607043
